timestamp,open,high,low,close,volume
2025-04-15 04:00:00,111.0,111.31,110.94,111.23,12033
2025-04-15 04:01:00,111.23,111.24,111.02,111.12,4781
2025-04-15 04:02:00,111.15,111.2,111.12,111.19,4468
2025-04-15 04:03:00,111.19,111.2,111.04,111.1,6917
2025-04-15 04:04:00,111.05,111.05,110.71,110.82,6648
2025-04-15 04:05:00,110.84,111.0,110.84,111.0,3919
2025-04-15 04:06:00,111.01,111.09,110.98,110.98,1309
2025-04-15 04:07:00,110.97,111.1,110.97,111.01,6375
2025-04-15 04:08:00,110.98,111.1,110.97,111.0,1738
2025-04-15 04:09:00,111.0,111.04,111.0,111.02,1264
2025-04-15 04:10:00,110.98,111.13,110.97,111.1,1120
2025-04-15 04:11:00,111.16,111.19,111.09,111.1,1936
2025-04-15 04:12:00,111.13,111.17,111.06,111.06,871
2025-04-15 04:13:00,111.08,111.09,111.04,111.07,1523
2025-04-15 04:14:00,111.07,111.07,111.0,111.0,2347
2025-04-15 04:15:00,111.02,111.05,110.89,110.95,6826
2025-04-15 04:16:00,110.95,111.0,110.92,111.0,1868
2025-04-15 04:17:00,111.02,111.13,111.02,111.13,483
2025-04-15 04:18:00,111.12,111.15,111.1,111.1,453
2025-04-15 04:19:00,111.09,111.09,111.05,111.07,764
2025-04-15 04:20:00,111.05,111.1,110.98,111.04,4150
2025-04-15 04:21:00,111.02,111.08,111.0,111.06,1735
2025-04-15 04:22:00,111.1,111.2,111.1,111.17,1203
2025-04-15 04:23:00,111.2,111.2,111.1,111.1,592
2025-04-15 04:24:00,111.11,111.13,111.1,111.11,522
2025-04-15 04:25:00,111.1,111.1,110.97,110.97,1016
2025-04-15 04:26:00,110.96,111.15,110.95,111.15,1436
2025-04-15 04:27:00,111.15,111.18,111.1,111.11,1434
2025-04-15 04:28:00,111.14,111.16,111.11,111.12,2033
2025-04-15 04:29:00,111.08,111.13,111.01,111.04,1119
2025-04-15 04:30:00,111.06,111.2,111.06,111.09,1241
2025-04-15 04:31:00,111.1,111.1,111.0,111.0,2372
2025-04-15 04:32:00,111.0,111.0,110.91,110.95,1354
2025-04-15 04:33:00,110.9,110.99,110.88,110.95,2541
2025-04-15 04:34:00,110.97,111.0,110.88,110.96,1754
2025-04-15 04:35:00,110.97,110.97,110.85,110.88,2677
2025-04-15 04:36:00,110.89,110.89,110.78,110.83,2058
2025-04-15 04:37:00,110.88,110.99,110.88,110.93,3649
2025-04-15 04:38:00,110.93,110.98,110.91,110.98,1168
2025-04-15 04:39:00,110.97,111.0,110.96,111.0,450
2025-04-15 04:40:00,111.02,111.04,110.97,111.03,1839
2025-04-15 04:41:00,111.04,111.06,110.98,110.99,1105
2025-04-15 04:42:00,110.99,111.08,110.92,111.02,3473
2025-04-15 04:43:00,111.01,111.04,110.95,111.04,570
2025-04-15 04:44:00,111.03,111.1,111.03,111.09,3651
2025-04-15 04:45:00,111.1,111.11,111.04,111.11,795
2025-04-15 04:46:00,111.08,111.13,111.04,111.13,5794
2025-04-15 04:47:00,111.09,111.11,111.08,111.11,730
2025-04-15 04:48:00,111.15,111.16,111.02,111.02,1615
2025-04-15 04:49:00,111.04,111.09,110.98,111.01,3460
2025-04-15 04:50:00,111.02,111.05,110.93,110.95,1851
2025-04-15 04:51:00,110.96,110.96,110.81,110.82,4736
2025-04-15 04:52:00,110.82,110.97,110.76,110.97,5001
2025-04-15 04:53:00,110.97,110.99,110.87,110.87,4659
2025-04-15 04:54:00,110.88,110.9,110.82,110.87,2629
2025-04-15 04:55:00,110.94,110.98,110.94,110.98,1088
2025-04-15 04:56:00,110.98,111.08,110.98,111.08,1633
2025-04-15 04:57:00,111.06,111.06,111.01,111.01,1186
2025-04-15 04:58:00,111.03,111.06,110.98,111.06,2677
2025-04-15 04:59:00,111.04,111.08,111.04,111.05,1297
2025-04-15 05:00:00,111.04,111.04,110.9,110.92,2770
2025-04-15 05:01:00,110.9,110.97,110.89,110.97,1988
2025-04-15 05:02:00,110.92,111.0,110.91,110.97,330
2025-04-15 05:03:00,110.99,111.03,110.99,111.03,428
2025-04-15 05:04:00,111.05,111.05,111.04,111.04,201
2025-04-15 05:05:00,111.02,111.06,111.01,111.05,506
2025-04-15 05:06:00,111.04,111.04,110.95,110.95,2069
2025-04-15 05:07:00,110.96,110.98,110.96,110.98,116
2025-04-15 05:08:00,111.03,111.03,110.95,110.95,891
2025-04-15 05:09:00,110.96,110.98,110.92,110.98,569
2025-04-15 05:10:00,110.97,111.02,110.97,110.98,565
2025-04-15 05:11:00,110.93,110.93,110.83,110.85,2009
2025-04-15 05:12:00,110.9,110.98,110.88,110.98,1168
2025-04-15 05:13:00,110.93,110.94,110.88,110.88,622
2025-04-15 05:14:00,110.88,110.88,110.8,110.85,4742
2025-04-15 05:15:00,110.88,110.97,110.87,110.97,2069
2025-04-15 05:16:00,110.98,110.98,110.85,110.93,1574
2025-04-15 05:17:00,110.9,110.9,110.87,110.88,552
2025-04-15 05:18:00,110.86,110.9,110.85,110.85,1079
2025-04-15 05:19:00,110.85,110.93,110.85,110.91,1722
2025-04-15 05:20:00,110.93,110.93,110.93,110.93,214
2025-04-15 05:21:00,110.94,110.94,110.9,110.9,215
2025-04-15 05:22:00,110.93,110.93,110.9,110.9,1855
2025-04-15 05:23:00,110.9,111.0,110.9,110.99,2324
2025-04-15 05:24:00,111.0,111.06,111.0,111.06,2472
2025-04-15 05:25:00,111.04,111.04,111.0,111.01,968
2025-04-15 05:26:00,111.02,111.05,110.99,111.04,1413
2025-04-15 05:27:00,111.02,111.1,111.02,111.07,3927
2025-04-15 05:28:00,111.05,111.12,111.05,111.11,3974
2025-04-15 05:29:00,111.07,111.09,111.06,111.09,467
2025-04-15 05:30:00,111.08,111.12,111.04,111.09,2799
2025-04-15 05:31:00,111.12,111.14,111.08,111.14,1352
2025-04-15 05:32:00,111.12,111.2,111.12,111.14,6821
2025-04-15 05:33:00,111.14,111.19,111.13,111.17,3383
2025-04-15 05:34:00,111.18,111.25,111.17,111.25,1659
2025-04-15 05:35:00,111.24,111.24,111.15,111.18,550
2025-04-15 05:36:00,111.17,111.19,111.1,111.14,522
2025-04-15 05:37:00,111.13,111.13,111.07,111.09,1202
2025-04-15 05:38:00,111.07,111.15,111.05,111.15,1100
2025-04-15 05:39:00,111.12,111.16,111.09,111.09,2696
2025-04-15 05:40:00,111.08,111.12,111.08,111.1,372
2025-04-15 05:41:00,111.1,111.12,110.93,110.93,7517
2025-04-15 05:42:00,110.98,111.05,110.98,111.01,820
2025-04-15 05:43:00,111.0,111.01,110.96,110.96,531
2025-04-15 05:44:00,110.94,110.94,110.81,110.85,7833
2025-04-15 05:45:00,110.85,110.85,110.72,110.75,8325
2025-04-15 05:46:00,110.79,110.88,110.79,110.88,465
2025-04-15 05:47:00,110.91,110.94,110.89,110.91,1247
2025-04-15 05:48:00,110.92,110.92,110.9,110.92,371
2025-04-15 05:49:00,110.94,110.97,110.94,110.97,148
2025-04-15 05:50:00,110.95,110.97,110.9,110.93,1484
2025-04-15 05:51:00,110.97,111.0,110.97,111.0,139
2025-04-15 05:52:00,110.99,110.99,110.77,110.88,4276
2025-04-15 05:53:00,110.89,110.93,110.88,110.93,700
2025-04-15 05:54:00,110.94,111.0,110.9,110.9,5399
2025-04-15 05:55:00,110.94,110.95,110.94,110.94,300
2025-04-15 05:56:00,110.99,110.99,110.94,110.97,1200
2025-04-15 05:57:00,110.94,111.02,110.91,110.97,4128
2025-04-15 05:58:00,110.96,110.99,110.96,110.96,266
2025-04-15 05:59:00,110.95,110.95,110.93,110.93,336
2025-04-15 06:00:00,110.93,111.0,110.86,111.0,1849
2025-04-15 06:01:00,111.03,111.05,111.0,111.02,2390
2025-04-15 06:02:00,111.05,111.05,110.98,110.98,1644
2025-04-15 06:03:00,111.02,111.02,110.93,110.93,877
2025-04-15 06:04:00,110.95,110.95,110.86,110.86,2505
2025-04-15 06:05:00,110.83,110.9,110.8,110.87,2616
2025-04-15 06:06:00,110.85,110.85,110.81,110.85,879
2025-04-15 06:07:00,110.88,110.92,110.88,110.92,2608
2025-04-15 06:08:00,110.93,111.0,110.91,111.0,1509
2025-04-15 06:09:00,111.0,111.0,110.97,110.97,21
2025-04-15 06:10:00,110.97,110.97,110.91,110.92,277
2025-04-15 06:11:00,110.9,110.95,110.9,110.95,667
2025-04-15 06:12:00,110.95,110.97,110.91,110.94,1425
2025-04-15 06:13:00,110.96,110.98,110.91,110.97,1153
2025-04-15 06:14:00,110.97,110.97,110.97,110.97,3
2025-04-15 06:15:00,110.97,110.97,110.91,110.91,309
2025-04-15 06:16:00,110.92,110.92,110.9,110.9,100
2025-04-15 06:17:00,110.93,110.94,110.91,110.91,494
2025-04-15 06:18:00,110.91,110.94,110.89,110.94,1882
2025-04-15 06:19:00,110.94,110.95,110.93,110.95,151
2025-04-15 06:20:00,111.0,111.04,111.0,111.03,809
2025-04-15 06:21:00,111.04,111.05,110.97,110.97,1594
2025-04-15 06:22:00,110.95,110.95,110.94,110.94,80
2025-04-15 06:23:00,110.97,110.98,110.97,110.98,458
2025-04-15 06:24:00,110.99,111.03,110.99,110.99,491
2025-04-15 06:25:00,111.0,111.03,110.94,110.97,1797
2025-04-15 06:26:00,110.97,111.02,110.97,111.02,301
2025-04-15 06:27:00,111.02,111.02,111.0,111.0,71
2025-04-15 06:28:00,110.99,111.01,110.99,111.01,188
2025-04-15 06:29:00,110.99,111.0,110.96,110.96,807
2025-04-15 06:30:00,110.98,111.02,110.98,110.98,1478
2025-04-15 06:31:00,110.97,111.05,110.97,111.05,633
2025-04-15 06:32:00,111.04,111.04,110.93,110.93,696
2025-04-15 06:33:00,110.96,110.97,110.9,110.9,2111
2025-04-15 06:34:00,110.92,111.0,110.92,111.0,914
2025-04-15 06:35:00,110.94,110.98,110.94,110.98,443
2025-04-15 06:36:00,110.95,110.96,110.94,110.96,548
2025-04-15 06:37:00,111.01,111.04,110.98,111.0,985
2025-04-15 06:38:00,111.02,111.02,110.95,110.95,1934
2025-04-15 06:39:00,110.96,110.98,110.96,110.96,1003
2025-04-15 06:40:00,110.97,110.98,110.94,110.94,7182
2025-04-15 06:41:00,110.94,110.94,110.8,110.81,2418
2025-04-15 06:42:00,110.83,110.87,110.82,110.82,570
2025-04-15 06:43:00,110.82,110.86,110.82,110.86,547
2025-04-15 06:44:00,110.86,110.86,110.8,110.81,1086
2025-04-15 06:45:00,110.81,110.87,110.78,110.82,2584
2025-04-15 06:46:00,110.82,110.84,110.72,110.73,2353
2025-04-15 06:47:00,110.71,110.71,110.53,110.58,4775
2025-04-15 06:48:00,110.55,110.69,110.54,110.69,3072
2025-04-15 06:49:00,110.7,110.73,110.6,110.61,2002
2025-04-15 06:50:00,110.61,110.61,110.48,110.56,5143
2025-04-15 06:51:00,110.55,110.65,110.54,110.65,1403
2025-04-15 06:52:00,110.69,110.7,110.62,110.66,4970
2025-04-15 06:53:00,110.66,110.69,110.64,110.64,560
2025-04-15 06:54:00,110.65,110.66,110.6,110.62,1474
2025-04-15 06:55:00,110.6,110.65,110.6,110.64,1428
2025-04-15 06:56:00,110.62,110.65,110.61,110.65,1091
2025-04-15 06:57:00,110.65,110.71,110.64,110.71,1237
2025-04-15 06:58:00,110.73,110.73,110.65,110.7,2787
2025-04-15 06:59:00,110.7,110.87,110.7,110.87,1166
2025-04-15 07:00:00,110.85,110.88,110.68,110.74,9474
2025-04-15 07:01:00,110.69,110.69,110.6,110.65,1821
2025-04-15 07:02:00,110.62,110.65,110.5,110.53,9784
2025-04-15 07:03:00,110.6,110.67,110.6,110.64,374
2025-04-15 07:04:00,110.69,110.75,110.69,110.71,1496
2025-04-15 07:05:00,110.76,110.76,110.74,110.76,266
2025-04-15 07:06:00,110.73,110.75,110.65,110.71,3861
2025-04-15 07:07:00,110.72,110.73,110.67,110.7,1077
2025-04-15 07:08:00,110.68,110.68,110.6,110.65,1766
2025-04-15 07:09:00,110.66,110.74,110.66,110.69,3267
2025-04-15 07:10:00,110.69,110.69,110.62,110.62,380
2025-04-15 07:11:00,110.63,110.63,110.55,110.62,3582
2025-04-15 07:12:00,110.59,110.6,110.53,110.53,396
2025-04-15 07:13:00,110.53,110.55,110.39,110.4,3643
2025-04-15 07:14:00,110.44,110.53,110.44,110.46,3051
2025-04-15 07:15:00,110.42,110.5,110.41,110.42,3979
2025-04-15 07:16:00,110.45,110.47,110.44,110.47,2248
2025-04-15 07:17:00,110.48,110.49,110.45,110.48,382
2025-04-15 07:18:00,110.5,110.53,110.5,110.53,1202
2025-04-15 07:19:00,110.53,110.53,110.49,110.51,1304
2025-04-15 07:20:00,110.49,110.52,110.49,110.49,1572
2025-04-15 07:21:00,110.45,110.51,110.45,110.51,901
2025-04-15 07:22:00,110.47,110.49,110.45,110.49,500
2025-04-15 07:23:00,110.49,110.5,110.47,110.47,1414
2025-04-15 07:24:00,110.49,110.55,110.49,110.55,1015
2025-04-15 07:25:00,110.51,110.6,110.5,110.58,1991
2025-04-15 07:26:00,110.57,110.57,110.55,110.55,349
2025-04-15 07:27:00,110.56,110.58,110.52,110.58,294
2025-04-15 07:28:00,110.58,110.58,110.57,110.57,615
2025-04-15 07:29:00,110.56,110.56,110.46,110.49,1508
2025-04-15 07:30:00,110.48,110.57,110.48,110.55,3161
2025-04-15 07:31:00,110.57,110.57,110.51,110.54,1437
2025-04-15 07:32:00,110.55,110.55,110.53,110.55,1257
2025-04-15 07:33:00,110.53,110.54,110.44,110.44,805
2025-04-15 07:34:00,110.43,110.46,110.42,110.42,547
2025-04-15 07:35:00,110.41,110.41,110.35,110.39,2284
2025-04-15 07:36:00,110.36,110.73,110.25,110.66,43760
2025-04-15 07:37:00,110.74,110.79,110.47,110.62,30710
2025-04-15 07:38:00,110.54,110.95,110.54,110.84,15217
2025-04-15 07:39:00,110.82,110.82,110.65,110.79,6403
2025-04-15 07:40:00,110.82,110.92,110.8,110.92,5002
2025-04-15 07:41:00,110.9,110.92,110.82,110.87,5884
2025-04-15 07:42:00,110.89,110.95,110.87,110.9,8664
2025-04-15 07:43:00,110.88,110.91,110.76,110.77,13990
2025-04-15 07:44:00,110.83,110.89,110.79,110.87,2265
2025-04-15 07:45:00,110.88,110.99,110.87,110.91,13479
2025-04-15 07:46:00,110.87,110.89,110.6,110.7,8979
2025-04-15 07:47:00,110.73,110.81,110.65,110.7,3466
2025-04-15 07:48:00,110.69,110.71,110.58,110.68,6820
2025-04-15 07:49:00,110.67,110.73,110.57,110.66,3905
2025-04-15 07:50:00,110.64,110.67,110.62,110.62,7900
2025-04-15 07:51:00,110.62,110.68,110.58,110.59,14582
2025-04-15 07:52:00,110.63,110.83,110.62,110.81,19306
2025-04-15 07:53:00,110.8,110.96,110.79,110.94,25396
2025-04-15 07:54:00,110.94,110.94,110.86,110.89,4419
2025-04-15 07:55:00,110.89,110.91,110.79,110.81,2602
2025-04-15 07:56:00,110.83,110.89,110.8,110.85,2255
2025-04-15 07:57:00,110.83,110.91,110.8,110.8,2954
2025-04-15 07:58:00,110.82,110.83,110.71,110.81,5002
2025-04-15 07:59:00,110.81,110.81,110.66,110.76,6347
2025-04-15 08:00:00,110.68,111.258,110.25,110.761,484259
2025-04-15 08:01:00,110.795,111.39,109.85,110.8,43422
2025-04-15 08:02:00,110.58,110.9,110.58,110.796,13024
2025-04-15 08:03:00,110.78,110.8,110.72,110.75,10071
2025-04-15 08:04:00,110.759,110.85,110.73,110.81,7518
2025-04-15 08:05:00,110.82,110.87,110.76,110.82,12336
2025-04-15 08:06:00,110.805,110.85,110.72,110.789,8541
2025-04-15 08:07:00,110.8,110.83,110.77,110.82,5545
2025-04-15 08:08:00,110.8,110.9,110.775,110.86,9398
2025-04-15 08:09:00,110.9,110.9,110.74,110.791,7501
2025-04-15 08:10:00,110.81,110.85,110.71,110.728,6311
2025-04-15 08:11:00,110.73,110.76,110.57,110.67,22259
2025-04-15 08:12:00,110.732,110.77,110.66,110.66,5480
2025-04-15 08:13:00,110.68,110.73,110.66,110.728,4380
2025-04-15 08:14:00,110.73,110.73,110.65,110.68,4139
2025-04-15 08:15:00,110.64,110.675,110.51,110.59,14179
2025-04-15 08:16:00,110.61,110.64,110.57,110.62,7885
2025-04-15 08:17:00,110.62,110.66,110.57,110.59,8952
2025-04-15 08:18:00,110.58,110.63,110.57,110.63,18140
2025-04-15 08:19:00,110.63,110.68,110.6,110.61,10331
2025-04-15 08:20:00,110.61,110.629,110.41,110.45,23489
2025-04-15 08:21:00,110.45,110.45,110.21,110.36,23778
2025-04-15 08:22:00,110.34,110.36,110.221,110.249,28479
2025-04-15 08:23:00,110.22,110.24,110.1,110.16,34509
2025-04-15 08:24:00,110.16,110.33,110.12,110.255,10699
2025-04-15 08:25:00,110.196,110.298,110.11,110.219,11256
2025-04-15 08:26:00,110.19,110.22,110.02,110.03,11156
2025-04-15 08:27:00,110.03,110.1,109.96,110.0,33648
2025-04-15 08:28:00,109.961,110.02,109.86,109.9,49589
2025-04-15 08:29:00,109.86,110.08,109.85,110.05,23669
2025-04-15 08:30:00,110.02,110.099,109.951,110.06,43093
2025-04-15 08:31:00,110.04,110.18,110.01,110.092,17431
2025-04-15 08:32:00,110.14,110.15,109.95,110.075,12837
2025-04-15 08:33:00,110.083,110.14,110.05,110.07,18967
2025-04-15 08:34:00,110.07,110.12,109.91,109.98,17337
2025-04-15 08:35:00,109.979,110.05,109.92,110.009,16762
2025-04-15 08:36:00,109.995,110.12,109.98,110.119,5630
2025-04-15 08:37:00,110.12,110.27,110.11,110.21,35584
2025-04-15 08:38:00,110.2,110.21,110.13,110.15,6701
2025-04-15 08:39:00,110.14,110.2,110.1,110.15,14034
2025-04-15 08:40:00,110.14,110.19,110.12,110.12,8216
2025-04-15 08:41:00,110.11,110.18,110.08,110.17,16643
2025-04-15 08:42:00,110.18,110.19,110.1,110.12,6167
2025-04-15 08:43:00,110.11,110.25,110.1,110.25,15391
2025-04-15 08:44:00,110.24,110.28,110.19,110.19,9101
2025-04-15 08:45:00,110.2,110.2,110.09,110.125,9163
2025-04-15 08:46:00,110.139,110.16,110.08,110.11,5301
2025-04-15 08:47:00,110.15,110.15,110.011,110.11,7608
2025-04-15 08:48:00,110.1,110.28,110.1,110.189,11817
2025-04-15 08:49:00,110.15,110.19,110.08,110.15,7404
2025-04-15 08:50:00,110.17,110.23,110.12,110.15,9453
2025-04-15 08:51:00,110.121,110.19,110.121,110.16,4728
2025-04-15 08:52:00,110.17,110.18,110.12,110.16,5493
2025-04-15 08:53:00,110.15,110.27,110.14,110.24,7332
2025-04-15 08:54:00,110.25,110.34,110.199,110.33,20923
2025-04-15 08:55:00,110.31,110.34,110.29,110.32,14319
2025-04-15 08:56:00,110.3,110.34,110.26,110.28,8899
2025-04-15 08:57:00,110.26,110.38,110.26,110.37,7909
2025-04-15 08:58:00,110.37,110.46,110.36,110.4,10719
2025-04-15 08:59:00,110.41,110.45,110.4,110.43,12170
2025-04-15 09:00:00,110.43,110.55,110.42,110.518,13119
2025-04-15 09:01:00,110.52,110.53,110.45,110.515,6965
2025-04-15 09:02:00,110.53,110.6,110.5,110.58,10789
2025-04-15 09:03:00,110.59,110.67,110.57,110.62,20816
2025-04-15 09:04:00,110.62,110.62,110.52,110.548,19335
2025-04-15 09:05:00,110.53,110.59,110.51,110.58,7262
2025-04-15 09:06:00,110.59,110.7,110.52,110.69,18675
2025-04-15 09:07:00,110.69,110.74,110.609,110.69,17787
2025-04-15 09:08:00,110.68,110.75,110.6,110.649,21742
2025-04-15 09:09:00,110.65,110.65,110.58,110.59,5793
2025-04-15 09:10:00,110.59,110.69,110.59,110.68,6347
2025-04-15 09:11:00,110.69,110.69,110.57,110.61,9420
2025-04-15 09:12:00,110.61,110.73,110.49,110.54,16362
2025-04-15 09:13:00,110.535,110.58,110.41,110.495,12400
2025-04-15 09:14:00,110.485,110.51,110.39,110.43,10489
2025-04-15 09:15:00,110.39,110.46,110.39,110.425,8884
2025-04-15 09:16:00,110.44,110.46,110.41,110.445,7826
2025-04-15 09:17:00,110.43,110.46,110.41,110.45,6793
2025-04-15 09:18:00,110.444,110.45,110.32,110.33,13217
2025-04-15 09:19:00,110.325,110.34,110.18,110.24,30820
2025-04-15 09:20:00,110.28,110.392,110.24,110.33,5511
2025-04-15 09:21:00,110.379,110.45,110.33,110.415,14488
2025-04-15 09:22:00,110.43,110.52,110.39,110.475,7550
2025-04-15 09:23:00,110.49,110.54,110.42,110.535,4846
2025-04-15 09:24:00,110.55,110.57,110.471,110.51,10384
2025-04-15 09:25:00,110.48,110.749,110.45,110.74,23729
2025-04-15 09:26:00,110.74,110.84,110.68,110.75,34918
2025-04-15 09:27:00,110.75,110.99,110.702,110.97,27592
2025-04-15 09:28:00,110.9,111.13,110.88,110.975,65848
2025-04-15 09:29:00,110.99,111.099,110.96,111.029,34733
2025-04-15 09:30:00,110.97,111.55,110.96,111.51,1402568
2025-04-15 09:31:00,111.51,112.06,111.35,111.985,1017609
2025-04-15 09:32:00,111.99,112.48,111.82,112.29,1189433
2025-04-15 09:33:00,112.29,112.76,112.286,112.4,1222834
2025-04-15 09:34:00,112.39,112.43,112.07,112.104,1017324
2025-04-15 09:35:00,112.11,112.2,111.68,111.79,1034744
2025-04-15 09:36:00,111.78,112.12,111.7,111.72,735874
2025-04-15 09:37:00,111.705,112.02,111.65,111.87,558407
2025-04-15 09:38:00,111.9,112.01,111.77,111.84,535778
2025-04-15 09:39:00,111.87,112.22,111.8,111.8,757752
2025-04-15 09:40:00,111.83,111.84,111.42,111.59,771736
2025-04-15 09:41:00,111.58,111.595,111.21,111.315,911393
2025-04-15 09:42:00,111.31,111.98,111.29,111.895,858329
2025-04-15 09:43:00,111.9,111.97,111.54,111.57,641669
2025-04-15 09:44:00,111.57,111.64,111.425,111.49,467804
2025-04-15 09:45:00,111.495,111.79,111.33,111.345,621497
2025-04-15 09:46:00,111.35,111.88,111.13,111.707,879718
2025-04-15 09:47:00,111.71,111.79,111.55,111.655,420547
2025-04-15 09:48:00,111.66,111.9,111.57,111.695,526178
2025-04-15 09:49:00,111.69,111.81,111.55,111.605,489421
2025-04-15 09:50:00,111.61,111.65,111.37,111.515,512855
2025-04-15 09:51:00,111.52,111.84,111.395,111.68,610908
2025-04-15 09:52:00,111.675,111.86,111.37,111.55,722142
2025-04-15 09:53:00,111.55,111.825,111.52,111.8,463225
2025-04-15 09:54:00,111.8,112.0,111.8,111.91,763991
2025-04-15 09:55:00,111.925,112.04,111.82,112.025,620148
2025-04-15 09:56:00,112.025,112.2,111.885,112.14,667986
2025-04-15 09:57:00,112.15,112.22,111.97,112.0,640134
2025-04-15 09:58:00,111.981,112.03,111.73,112.0,575409
2025-04-15 09:59:00,112.005,112.08,111.72,111.73,417782
2025-04-15 10:00:00,111.73,111.935,111.63,111.805,511136
2025-04-15 10:01:00,111.81,111.95,111.661,111.71,344977
2025-04-15 10:02:00,111.71,111.84,111.61,111.781,321469
2025-04-15 10:03:00,111.785,111.975,111.785,111.92,331085
2025-04-15 10:04:00,111.92,111.977,111.78,111.85,288360
2025-04-15 10:05:00,111.86,112.05,111.695,111.972,413467
2025-04-15 10:06:00,111.98,112.015,111.8,112.005,316372
2025-04-15 10:07:00,112.02,112.15,111.93,112.07,445700
2025-04-15 10:08:00,112.065,112.07,111.83,111.96,378915
2025-04-15 10:09:00,111.95,112.014,111.72,111.81,330814
2025-04-15 10:10:00,111.82,111.96,111.75,111.91,324412
2025-04-15 10:11:00,111.92,112.15,111.85,112.11,413200
2025-04-15 10:12:00,112.11,112.15,111.981,112.125,347800
2025-04-15 10:13:00,112.115,112.3,112.09,112.135,622124
2025-04-15 10:14:00,112.13,112.18,111.86,111.93,494111
2025-04-15 10:15:00,111.94,112.05,111.87,112.03,311696
2025-04-15 10:16:00,112.04,112.17,111.924,112.03,327419
2025-04-15 10:17:00,112.033,112.17,111.57,111.65,698815
2025-04-15 10:18:00,111.65,111.72,111.28,111.29,713104
2025-04-15 10:19:00,111.285,111.295,110.685,110.84,985476
2025-04-15 10:20:00,110.84,111.07,110.5,111.0,852061
2025-04-15 10:21:00,111.0,111.13,110.78,111.1,747684
2025-04-15 10:22:00,111.1,111.47,111.07,111.301,770853
2025-04-15 10:23:00,111.3,111.37,111.01,111.12,524378
2025-04-15 10:24:00,111.12,111.24,110.97,111.11,440991
2025-04-15 10:25:00,111.125,111.22,110.89,110.915,468318
2025-04-15 10:26:00,110.94,111.06,110.77,110.79,425791
2025-04-15 10:27:00,110.79,110.97,110.73,110.88,413769
2025-04-15 10:28:00,110.895,111.23,110.86,111.08,501112
2025-04-15 10:29:00,111.095,111.16,110.99,111.015,351820
2025-04-15 10:30:00,111.04,111.385,111.0,111.35,505152
2025-04-15 10:31:00,111.375,111.39,111.23,111.24,305903
2025-04-15 10:32:00,111.25,111.34,111.15,111.31,379045
2025-04-15 10:33:00,111.305,111.48,111.29,111.455,391638
2025-04-15 10:34:00,111.451,111.59,111.41,111.585,443360
2025-04-15 10:35:00,111.58,111.67,111.42,111.45,452544
2025-04-15 10:36:00,111.455,111.66,111.4,111.59,330076
2025-04-15 10:37:00,111.597,111.6,111.33,111.34,381765
2025-04-15 10:38:00,111.35,111.405,111.23,111.355,286379
2025-04-15 10:39:00,111.36,111.365,111.21,111.345,261409
2025-04-15 10:40:00,111.345,111.44,111.2,111.425,289617
2025-04-15 10:41:00,111.42,111.5,111.26,111.48,277607
2025-04-15 10:42:00,111.48,111.6,111.45,111.57,288096
2025-04-15 10:43:00,111.58,111.79,111.57,111.752,409965
2025-04-15 10:44:00,111.755,111.85,111.72,111.75,379788
2025-04-15 10:45:00,111.755,111.83,111.61,111.762,349469
2025-04-15 10:46:00,111.78,111.8,111.1,111.61,646795
2025-04-15 10:47:00,111.61,111.72,111.392,111.477,363294
2025-04-15 10:48:00,111.48,111.5,111.33,111.405,270436
2025-04-15 10:49:00,111.4,111.61,111.32,111.54,311054
2025-04-15 10:50:00,111.53,111.58,111.26,111.26,323247
2025-04-15 10:51:00,111.26,111.54,111.25,111.49,301322
2025-04-15 10:52:00,111.49,111.585,111.4,111.42,240072
2025-04-15 10:53:00,111.425,111.67,111.39,111.56,262060
2025-04-15 10:54:00,111.565,111.69,111.55,111.65,207414
2025-04-15 10:55:00,111.65,111.75,111.53,111.735,310075
2025-04-15 10:56:00,111.74,111.82,111.68,111.775,276966
2025-04-15 10:57:00,111.78,111.839,111.67,111.759,218286
2025-04-15 10:58:00,111.77,111.81,111.58,111.75,270215
2025-04-15 10:59:00,111.74,111.83,111.58,111.592,254882
2025-04-15 11:00:00,111.61,111.8,111.52,111.765,231296
2025-04-15 11:01:00,111.77,111.84,111.73,111.78,211964
2025-04-15 11:02:00,111.77,111.84,111.7,111.83,218746
2025-04-15 11:03:00,111.83,111.88,111.68,111.785,384534
2025-04-15 11:04:00,111.79,111.91,111.75,111.875,235199
2025-04-15 11:05:00,111.88,111.95,111.8,111.91,264892
2025-04-15 11:06:00,111.919,111.945,111.72,111.745,287893
2025-04-15 11:07:00,111.755,111.83,111.61,111.78,417294
2025-04-15 11:08:00,111.78,111.85,111.72,111.761,242038
2025-04-15 11:09:00,111.765,111.83,111.68,111.825,174841
2025-04-15 11:10:00,111.83,111.93,111.67,111.93,419620
2025-04-15 11:11:00,111.92,111.95,111.72,111.77,281605
2025-04-15 11:12:00,111.75,112.02,111.73,111.995,399806
2025-04-15 11:13:00,111.99,112.1,111.923,111.96,344702
2025-04-15 11:14:00,111.971,112.115,111.97,112.05,299659
2025-04-15 11:15:00,112.055,112.13,112.03,112.08,298167
2025-04-15 11:16:00,112.071,112.18,112.071,112.11,277638
2025-04-15 11:17:00,112.1,112.22,112.02,112.22,336630
2025-04-15 11:18:00,112.22,112.34,112.22,112.265,424192
2025-04-15 11:19:00,112.261,112.379,112.245,112.34,352894
2025-04-15 11:20:00,112.345,112.49,112.34,112.475,458017
2025-04-15 11:21:00,112.475,112.49,112.34,112.455,318778
2025-04-15 11:22:00,112.451,112.48,112.35,112.375,255684
2025-04-15 11:23:00,112.37,112.41,112.26,112.315,294437
2025-04-15 11:24:00,112.33,112.41,112.3,112.405,230991
2025-04-15 11:25:00,112.405,112.42,112.12,112.145,385444
2025-04-15 11:26:00,112.145,112.17,112.04,112.12,365789
2025-04-15 11:27:00,112.121,112.195,112.07,112.175,305082
2025-04-15 11:28:00,112.171,112.18,112.07,112.07,203215
2025-04-15 11:29:00,112.07,112.11,112.01,112.03,291147
2025-04-15 11:30:00,112.035,112.18,111.97,112.155,338571
2025-04-15 11:31:00,112.16,112.39,112.14,112.37,427328
2025-04-15 11:32:00,112.375,112.4,112.26,112.3,249447
2025-04-15 11:33:00,112.305,112.37,112.28,112.305,187908
2025-04-15 11:34:00,112.3,112.305,112.11,112.15,207184
2025-04-15 11:35:00,112.16,112.24,112.0,112.21,311496
2025-04-15 11:36:00,112.21,112.22,111.93,111.945,283935
2025-04-15 11:37:00,111.95,111.97,111.79,111.965,408908
2025-04-15 11:38:00,111.965,111.965,111.82,111.95,264834
2025-04-15 11:39:00,111.93,112.16,111.93,112.15,317161
2025-04-15 11:40:00,112.14,112.16,112.02,112.11,265022
2025-04-15 11:41:00,112.11,112.237,112.075,112.19,6484838
2025-04-15 11:42:00,112.195,112.25,112.1,112.125,176297
2025-04-15 11:43:00,112.125,112.21,112.1,112.165,326820
2025-04-15 11:44:00,112.16,112.28,112.155,112.243,348103
2025-04-15 11:45:00,112.24,112.33,112.19,112.32,238691
2025-04-15 11:46:00,112.325,112.339,112.2,112.26,264298
2025-04-15 11:47:00,112.26,112.285,112.08,112.175,252834
2025-04-15 11:48:00,112.185,112.2,112.07,112.1,148439
2025-04-15 11:49:00,112.09,112.22,112.08,112.2,200803
2025-04-15 11:50:00,112.2,112.27,112.09,112.095,235005
2025-04-15 11:51:00,112.1,112.16,111.99,112.01,350333
2025-04-15 11:52:00,112.011,112.49,112.01,112.465,635178
2025-04-15 11:53:00,112.46,112.787,112.45,112.718,928067
2025-04-15 11:54:00,112.714,112.78,112.59,112.615,378122
2025-04-15 11:55:00,112.615,112.65,112.51,112.62,332708
2025-04-15 11:56:00,112.62,112.67,112.42,112.44,361759
2025-04-15 11:57:00,112.445,112.66,112.42,112.605,513975
2025-04-15 11:58:00,112.61,112.63,112.5,112.59,221002
2025-04-15 11:59:00,112.59,112.74,112.55,112.719,302604
2025-04-15 12:00:00,112.71,112.8,112.67,112.785,388986
2025-04-15 12:01:00,112.785,112.99,112.74,112.97,577710
2025-04-15 12:02:00,112.97,112.99,112.91,112.985,437120
2025-04-15 12:03:00,112.985,113.03,112.85,112.983,758406
2025-04-15 12:04:00,112.985,113.05,112.91,112.985,421340
2025-04-15 12:05:00,112.98,113.16,112.95,113.14,565479
2025-04-15 12:06:00,113.142,113.365,113.0,113.345,649403
2025-04-15 12:07:00,113.345,113.345,113.18,113.185,480191
2025-04-15 12:08:00,113.19,113.32,113.152,113.22,529193
2025-04-15 12:09:00,113.23,113.33,113.22,113.309,359425
2025-04-15 12:10:00,113.305,113.335,113.19,113.32,383314
2025-04-15 12:11:00,113.32,113.56,113.32,113.53,700024
2025-04-15 12:12:00,113.53,113.615,113.43,113.52,480294
2025-04-15 12:13:00,113.515,113.53,113.34,113.365,314107
2025-04-15 12:14:00,113.361,113.38,113.24,113.37,390517
2025-04-15 12:15:00,113.36,113.5,113.32,113.495,312619
2025-04-15 12:16:00,113.495,113.54,113.4,113.41,234415
2025-04-15 12:17:00,113.42,113.43,113.21,113.212,348816
2025-04-15 12:18:00,113.22,113.3,113.14,113.155,335959
2025-04-15 12:19:00,113.155,113.22,113.115,113.21,289753
2025-04-15 12:20:00,113.2,113.22,113.07,113.2,308825
2025-04-15 12:21:00,113.21,113.28,113.07,113.115,428825
2025-04-15 12:22:00,113.114,113.32,113.06,113.304,360340
2025-04-15 12:23:00,113.305,113.41,113.28,113.375,333531
2025-04-15 12:24:00,113.375,113.375,113.14,113.164,312888
2025-04-15 12:25:00,113.16,113.375,113.15,113.33,285030
2025-04-15 12:26:00,113.335,113.43,113.3,113.427,210732
2025-04-15 12:27:00,113.425,113.425,113.27,113.36,510604
2025-04-15 12:28:00,113.365,113.45,113.24,113.255,334261
2025-04-15 12:29:00,113.255,113.31,113.23,113.265,164850
2025-04-15 12:30:00,113.27,113.37,113.21,113.36,250771
2025-04-15 12:31:00,113.372,113.4,113.24,113.245,212269
2025-04-15 12:32:00,113.245,113.39,113.24,113.375,203725
2025-04-15 12:33:00,113.38,113.4,113.2,113.223,240849
2025-04-15 12:34:00,113.225,113.23,113.16,113.185,182144
2025-04-15 12:35:00,113.185,113.215,113.13,113.187,194107
2025-04-15 12:36:00,113.18,113.23,113.12,113.13,171473
2025-04-15 12:37:00,113.13,113.14,113.05,113.05,265459
2025-04-15 12:38:00,113.055,113.13,113.0,113.122,356087
2025-04-15 12:39:00,113.11,113.14,112.98,112.985,289313
2025-04-15 12:40:00,112.982,113.05,112.89,113.031,413864
2025-04-15 12:41:00,113.035,113.12,112.995,113.0,261237
2025-04-15 12:42:00,113.0,113.16,112.971,113.045,304595
2025-04-15 12:43:00,113.04,113.13,113.03,113.03,158512
2025-04-15 12:44:00,113.04,113.145,113.0,113.11,204900
2025-04-15 12:45:00,113.115,113.25,113.09,113.23,340963
2025-04-15 12:46:00,113.23,113.33,113.215,113.265,307066
2025-04-15 12:47:00,113.26,113.34,113.2,113.32,234147
2025-04-15 12:48:00,113.31,113.31,113.11,113.25,344661
2025-04-15 12:49:00,113.246,113.28,113.125,113.195,299454
2025-04-15 12:50:00,113.197,113.22,113.045,113.08,275383
2025-04-15 12:51:00,113.07,113.11,113.03,113.062,153146
2025-04-15 12:52:00,113.065,113.075,112.871,112.88,376729
2025-04-15 12:53:00,112.88,112.9,112.81,112.81,299776
2025-04-15 12:54:00,112.825,112.88,112.69,112.7,379441
2025-04-15 12:55:00,112.691,112.695,112.419,112.419,575561
2025-04-15 12:56:00,112.41,112.6,112.361,112.52,544071
2025-04-15 12:57:00,112.525,112.525,112.3,112.335,452061
2025-04-15 12:58:00,112.34,112.559,112.293,112.53,346480
2025-04-15 12:59:00,112.535,112.59,112.452,112.465,295194
2025-04-15 13:00:00,112.46,112.53,112.3,112.34,324978
2025-04-15 13:01:00,112.35,112.505,112.32,112.472,302565
2025-04-15 13:02:00,112.47,112.5,112.37,112.485,205543
2025-04-15 13:03:00,112.477,112.7,112.477,112.663,386622
2025-04-15 13:04:00,112.66,112.76,112.602,112.741,323304
2025-04-15 13:05:00,112.75,112.79,112.67,112.72,261516
2025-04-15 13:06:00,112.725,112.81,112.71,112.775,239884
2025-04-15 13:07:00,112.77,112.805,112.693,112.732,193047
2025-04-15 13:08:00,112.735,112.74,112.56,112.64,249140
2025-04-15 13:09:00,112.63,112.7,112.44,112.486,245808
2025-04-15 13:10:00,112.49,112.57,112.43,112.53,174130
2025-04-15 13:11:00,112.53,112.61,112.5,112.565,228198
2025-04-15 13:12:00,112.564,112.61,112.375,112.42,309610
2025-04-15 13:13:00,112.415,112.61,112.41,112.532,239245
2025-04-15 13:14:00,112.53,112.67,112.5,112.659,185768
2025-04-15 13:15:00,112.65,112.7,112.53,112.59,184102
2025-04-15 13:16:00,112.585,112.62,112.37,112.38,236769
2025-04-15 13:17:00,112.381,112.39,112.24,112.28,324032
2025-04-15 13:18:00,112.275,112.44,112.265,112.385,268982
2025-04-15 13:19:00,112.38,112.43,112.22,112.27,261907
2025-04-15 13:20:00,112.27,112.29,112.16,112.25,354542
2025-04-15 13:21:00,112.255,112.27,112.095,112.105,287014
2025-04-15 13:22:00,112.105,112.14,111.92,111.935,518255
2025-04-15 13:23:00,111.921,111.95,111.735,111.925,448338
2025-04-15 13:24:00,111.93,112.08,111.93,112.072,388246
2025-04-15 13:25:00,112.08,112.08,111.77,111.8,356060
2025-04-15 13:26:00,111.805,112.02,111.73,112.015,317344
2025-04-15 13:27:00,112.014,112.09,111.965,111.993,239377
2025-04-15 13:28:00,111.991,112.04,111.92,111.972,214239
2025-04-15 13:29:00,111.97,111.98,111.77,111.84,270675
2025-04-15 13:30:00,111.835,112.08,111.82,112.06,364902
2025-04-15 13:31:00,112.055,112.12,111.945,112.1,273315
2025-04-15 13:32:00,112.11,112.17,111.99,112.059,256257
2025-04-15 13:33:00,112.05,112.14,111.99,112.025,195725
2025-04-15 13:34:00,112.015,112.09,111.91,111.966,169069
2025-04-15 13:35:00,111.95,112.03,111.875,111.925,197885
2025-04-15 13:36:00,111.925,112.015,111.785,111.99,304711
2025-04-15 13:37:00,111.99,112.13,111.92,112.12,225813
2025-04-15 13:38:00,112.12,112.16,112.04,112.041,210498
2025-04-15 13:39:00,112.045,112.16,112.04,112.14,173416
2025-04-15 13:40:00,112.14,112.3,112.121,112.29,345914
2025-04-15 13:41:00,112.285,112.34,112.18,112.24,324217
2025-04-15 13:42:00,112.235,112.305,112.18,112.18,164723
2025-04-15 13:43:00,112.18,112.36,112.18,112.305,226125
2025-04-15 13:44:00,112.318,112.38,112.262,112.295,204010
2025-04-15 13:45:00,112.31,112.345,112.13,112.18,223534
2025-04-15 13:46:00,112.185,112.29,112.185,112.245,132164
2025-04-15 13:47:00,112.221,112.33,112.221,112.31,131155
2025-04-15 13:48:00,112.305,112.425,112.221,112.415,195937
2025-04-15 13:49:00,112.405,112.55,112.39,112.53,369489
2025-04-15 13:50:00,112.535,112.61,112.474,112.542,352490
2025-04-15 13:51:00,112.55,112.64,112.42,112.46,247272
2025-04-15 13:52:00,112.45,112.51,112.42,112.43,247462
2025-04-15 13:53:00,112.431,112.44,112.17,112.2,403985
2025-04-15 13:54:00,112.191,112.34,112.19,112.245,213198
2025-04-15 13:55:00,112.24,112.439,112.18,112.335,221570
2025-04-15 13:56:00,112.335,112.5,112.325,112.427,230888
2025-04-15 13:57:00,112.415,112.48,112.34,112.465,155120
2025-04-15 13:58:00,112.46,112.575,112.457,112.53,220954
2025-04-15 13:59:00,112.53,112.54,112.465,112.49,121939
2025-04-15 14:00:00,112.497,112.625,112.441,112.565,345023
2025-04-15 14:01:00,112.58,112.58,112.37,112.4,240869
2025-04-15 14:02:00,112.4,112.51,112.34,112.442,196781
2025-04-15 14:03:00,112.43,112.5,112.33,112.441,159813
2025-04-15 14:04:00,112.44,112.5,112.31,112.46,163060
2025-04-15 14:05:00,112.461,112.53,112.34,112.37,203094
2025-04-15 14:06:00,112.37,112.458,112.36,112.375,165957
2025-04-15 14:07:00,112.38,112.495,112.25,112.485,291992
2025-04-15 14:08:00,112.488,112.488,112.32,112.375,172708
2025-04-15 14:09:00,112.37,112.405,112.31,112.391,167427
2025-04-15 14:10:00,112.395,112.44,112.27,112.32,212175
2025-04-15 14:11:00,112.325,112.37,112.23,112.265,254523
2025-04-15 14:12:00,112.27,112.297,112.09,112.11,434912
2025-04-15 14:13:00,112.111,112.16,112.07,112.075,229928
2025-04-15 14:14:00,112.07,112.07,111.92,112.045,351995
2025-04-15 14:15:00,112.031,112.1,111.78,111.78,370886
2025-04-15 14:16:00,111.77,112.08,111.77,112.01,353712
2025-04-15 14:17:00,112.0,112.015,111.89,111.985,262154
2025-04-15 14:18:00,111.98,112.0,111.92,111.995,130882
2025-04-15 14:19:00,111.99,112.005,111.89,111.93,148646
2025-04-15 14:20:00,111.93,111.99,111.9,111.97,116772
2025-04-15 14:21:00,111.97,112.0,111.88,111.99,153070
2025-04-15 14:22:00,111.996,112.17,111.97,112.14,425917
2025-04-15 14:23:00,112.15,112.215,112.08,112.125,252861
2025-04-15 14:24:00,112.119,112.15,112.09,112.134,162086
2025-04-15 14:25:00,112.13,112.3,112.1,112.175,384618
2025-04-15 14:26:00,112.17,112.265,112.13,112.15,230387
2025-04-15 14:27:00,112.15,112.2,111.99,112.05,299118
2025-04-15 14:28:00,112.05,112.14,112.03,112.085,199520
2025-04-15 14:29:00,112.08,112.18,112.075,112.12,132605
2025-04-15 14:30:00,112.115,112.2,112.1,112.1,164439
2025-04-15 14:31:00,112.1,112.21,112.06,112.16,186460
2025-04-15 14:32:00,112.16,112.23,112.125,112.215,175917
2025-04-15 14:33:00,112.22,112.29,112.1,112.13,197766
2025-04-15 14:34:00,112.112,112.19,112.11,112.19,115447
2025-04-15 14:35:00,112.175,112.21,112.092,112.11,173264
2025-04-15 14:36:00,112.105,112.259,112.1,112.21,166557
2025-04-15 14:37:00,112.2,112.22,112.03,112.1,232144
2025-04-15 14:38:00,112.095,112.12,112.01,112.049,169203
2025-04-15 14:39:00,112.045,112.12,112.0,112.112,159224
2025-04-15 14:40:00,112.11,112.212,112.07,112.145,167990
2025-04-15 14:41:00,112.143,112.29,112.11,112.287,236767
2025-04-15 14:42:00,112.29,112.3,112.22,112.28,187113
2025-04-15 14:43:00,112.285,112.3,112.25,112.3,144709
2025-04-15 14:44:00,112.295,112.445,112.28,112.405,283051
2025-04-15 14:45:00,112.41,112.496,112.405,112.47,254887
2025-04-15 14:46:00,112.47,112.56,112.42,112.45,352312
2025-04-15 14:47:00,112.46,112.5,112.405,112.441,176573
2025-04-15 14:48:00,112.445,112.46,112.29,112.36,300190
2025-04-15 14:49:00,112.365,112.38,112.32,112.365,154201
2025-04-15 14:50:00,112.365,112.451,112.32,112.43,211635
2025-04-15 14:51:00,112.43,112.49,112.37,112.49,165412
2025-04-15 14:52:00,112.48,112.49,112.31,112.34,212513
2025-04-15 14:53:00,112.345,112.511,112.33,112.465,197738
2025-04-15 14:54:00,112.47,112.56,112.435,112.545,168806
2025-04-15 14:55:00,112.549,112.66,112.51,112.622,313878
2025-04-15 14:56:00,112.62,112.7,112.58,112.595,277652
2025-04-15 14:57:00,112.595,112.7,112.54,112.682,235868
2025-04-15 14:58:00,112.681,112.72,112.63,112.7,575897
2025-04-15 14:59:00,112.7,112.7,112.602,112.63,199308
2025-04-15 15:00:00,112.62,112.625,112.5,112.61,242365
2025-04-15 15:01:00,112.62,112.64,112.5,112.54,205408
2025-04-15 15:02:00,112.54,112.6,112.47,112.495,223272
2025-04-15 15:03:00,112.49,112.5,112.41,112.412,200590
2025-04-15 15:04:00,112.415,112.538,112.41,112.515,191235
2025-04-15 15:05:00,112.51,112.6,112.49,112.575,274082
2025-04-15 15:06:00,112.57,112.65,112.53,112.64,213250
2025-04-15 15:07:00,112.643,112.65,112.475,112.54,213421
2025-04-15 15:08:00,112.545,112.71,112.545,112.545,213505
2025-04-15 15:09:00,112.55,112.57,112.41,112.443,286750
2025-04-15 15:10:00,112.45,112.48,112.375,112.455,241021
2025-04-15 15:11:00,112.455,112.46,112.28,112.29,300544
2025-04-15 15:12:00,112.3,112.33,112.23,112.286,195746
2025-04-15 15:13:00,112.29,112.44,112.285,112.43,216057
2025-04-15 15:14:00,112.438,112.55,112.43,112.5,261119
2025-04-15 15:15:00,112.505,112.52,112.445,112.515,196396
2025-04-15 15:16:00,112.51,112.54,112.46,112.535,167765
2025-04-15 15:17:00,112.535,112.55,112.46,112.54,147487
2025-04-15 15:18:00,112.542,112.55,112.485,112.515,153412
2025-04-15 15:19:00,112.511,112.54,112.465,112.51,165379
2025-04-15 15:20:00,112.52,112.52,112.35,112.361,189044
2025-04-15 15:21:00,112.36,112.48,112.36,112.47,177108
2025-04-15 15:22:00,112.46,112.51,112.41,112.47,211943
2025-04-15 15:23:00,112.471,112.471,112.3,112.33,196247
2025-04-15 15:24:00,112.335,112.347,112.22,112.255,233392
2025-04-15 15:25:00,112.255,112.26,112.06,112.08,328405
2025-04-15 15:26:00,112.07,112.09,112.0,112.035,280875
2025-04-15 15:27:00,112.035,112.14,111.995,112.12,276430
2025-04-15 15:28:00,112.12,112.14,112.042,112.125,234304
2025-04-15 15:29:00,112.125,112.23,112.11,112.21,322958
2025-04-15 15:30:00,112.215,112.33,112.2,112.26,307587
2025-04-15 15:31:00,112.25,112.27,112.16,112.175,242281
2025-04-15 15:32:00,112.18,112.31,112.15,112.27,250190
2025-04-15 15:33:00,112.27,112.31,112.22,112.27,182996
2025-04-15 15:34:00,112.27,112.28,112.16,112.195,189737
2025-04-15 15:35:00,112.19,112.285,112.16,112.25,220443
2025-04-15 15:36:00,112.26,112.3,112.02,112.035,340241
2025-04-15 15:37:00,112.035,112.17,112.02,112.091,225900
2025-04-15 15:38:00,112.09,112.22,112.07,112.215,219515
2025-04-15 15:39:00,112.215,112.32,112.21,112.285,285835
2025-04-15 15:40:00,112.285,112.33,112.19,112.225,218387
2025-04-15 15:41:00,112.23,112.31,112.2,112.245,192683
2025-04-15 15:42:00,112.245,112.257,112.13,112.22,231518
2025-04-15 15:43:00,112.211,112.322,112.2,112.25,210264
2025-04-15 15:44:00,112.255,112.295,112.19,112.25,145745
2025-04-15 15:45:00,112.245,112.275,112.08,112.12,214371
2025-04-15 15:46:00,112.13,112.135,112.02,112.025,192093
2025-04-15 15:47:00,112.027,112.1,111.95,112.075,444932
2025-04-15 15:48:00,112.072,112.12,111.97,112.03,246606
2025-04-15 15:49:00,112.032,112.135,112.032,112.08,261098
2025-04-15 15:50:00,112.11,112.35,112.05,112.29,613043
2025-04-15 15:51:00,112.3,112.32,112.245,112.29,218998
2025-04-15 15:52:00,112.29,112.325,112.2,112.27,316936
2025-04-15 15:53:00,112.28,112.33,112.225,112.24,236351
2025-04-15 15:54:00,112.245,112.3,112.17,112.225,333198
2025-04-15 15:55:00,112.225,112.27,112.14,112.215,357823
2025-04-15 15:56:00,112.21,112.329,112.2,112.328,376998
2025-04-15 15:57:00,112.322,112.33,112.19,112.225,381924
2025-04-15 15:58:00,112.225,112.25,112.13,112.15,575010
2025-04-15 15:59:00,112.16,112.24,112.05,112.2,1444813
2025-04-15 16:00:00,112.11,112.235,112.11,112.2,2113569
2025-04-15 16:01:00,112.171,112.27,112.171,112.25,567385
2025-04-15 16:02:00,112.249,112.25,112.175,112.2,166763
2025-04-15 16:03:00,112.16,112.2,112.08,112.17,3729676
2025-04-15 16:04:00,112.16,112.2,112.13,112.18,13273
2025-04-15 16:05:00,112.165,113.04,111.4,112.19,9082
2025-04-15 16:06:00,112.19,112.19,112.16,112.19,276421
2025-04-15 16:07:00,112.175,112.2,112.16,112.2,3447
2025-04-15 16:08:00,112.19,112.24,112.19,112.21,10660
2025-04-15 16:09:00,112.225,112.25,112.21,112.235,2435
2025-04-15 16:10:00,112.2,112.22,112.15,112.16,160956
2025-04-15 16:11:00,112.15,112.22,112.14,112.17,40928
2025-04-15 16:12:00,112.22,112.22,112.1,112.11,11148
2025-04-15 16:13:00,112.11,112.2,112.1,112.15,3927
2025-04-15 16:14:00,112.18,112.18,112.11,112.13,117609
2025-04-15 16:15:00,112.2,112.2,112.09,112.09,10331
2025-04-15 16:16:00,112.12,112.14,112.09,112.14,3912
2025-04-15 16:17:00,112.13,112.14,112.08,112.14,1513
2025-04-15 16:18:00,112.129,112.129,112.09,112.11,4872
2025-04-15 16:19:00,112.12,112.12,112.09,112.1,48399
2025-04-15 16:20:00,112.09,112.11,112.05,112.08,2448
2025-04-15 16:21:00,112.079,112.11,111.97,111.999,22701
2025-04-15 16:22:00,112.0,112.03,111.96,112.03,10902
2025-04-15 16:23:00,112.049,112.07,112.002,112.069,540
2025-04-15 16:24:00,112.05,112.11,112.04,112.1,2376
2025-04-15 16:25:00,112.085,112.1,112.05,112.07,1457
2025-04-15 16:26:00,112.051,112.08,111.99,112.04,12157
2025-04-15 16:27:00,112.015,112.05,111.98,112.01,8313
2025-04-15 16:28:00,112.0,112.2,112.0,112.0,4177
2025-04-15 16:29:00,112.0,112.01,111.95,111.96,242534
2025-04-15 16:30:00,112.0,112.01,111.96,111.985,2157
2025-04-15 16:31:00,111.985,112.08,111.96,112.07,4518
2025-04-15 16:32:00,112.08,112.08,112.04,112.06,3869
2025-04-15 16:33:00,112.04,112.069,112.02,112.05,710
2025-04-15 16:34:00,112.05,112.2,112.04,112.06,129074
2025-04-15 16:35:00,112.051,112.1,112.05,112.075,1023
2025-04-15 16:36:00,112.075,112.1,112.03,112.05,3029
2025-04-15 16:37:00,112.049,112.05,111.97,112.049,590
2025-04-15 16:38:00,112.035,112.08,112.0,112.07,4128
2025-04-15 16:39:00,112.025,112.07,111.98,112.03,3092
2025-04-15 16:40:00,112.011,112.08,112.011,112.08,541
2025-04-15 16:41:00,112.065,112.08,111.86,111.98,2022
2025-04-15 16:42:00,111.96,112.07,111.95,112.03,3174
2025-04-15 16:43:00,112.03,112.09,111.98,112.09,4028
2025-04-15 16:44:00,112.065,112.1,112.02,112.09,3024
2025-04-15 16:45:00,112.075,112.1,112.02,112.049,2390
2025-04-15 16:46:00,112.05,112.05,112.02,112.04,3298
2025-04-15 16:47:00,112.04,112.05,112.02,112.04,1672
2025-04-15 16:48:00,112.04,112.05,112.01,112.04,2345
2025-04-15 16:49:00,112.05,112.05,112.01,112.035,3323
2025-04-15 16:50:00,112.04,112.05,111.241,111.241,2421
2025-04-15 16:51:00,112.04,112.05,112.01,112.01,2791
2025-04-15 16:52:00,112.03,112.04,111.9,111.9,16350
2025-04-15 16:53:00,112.026,112.926,111.241,112.03,2587
2025-04-15 16:54:00,111.972,112.04,111.93,111.937,1952
2025-04-15 16:55:00,111.99,112.0,111.74,112.0,1926
2025-04-15 16:56:00,111.97,112.0,111.241,111.971,10484
2025-04-15 16:57:00,111.98,112.0,111.95,111.95,9937
2025-04-15 16:58:00,112.0,112.02,111.81,111.985,5228
2025-04-15 16:59:00,112.094,112.094,111.93,111.975,4957
2025-04-15 17:00:00,112.02,112.03,111.94,111.999,4293
2025-04-15 17:01:00,111.99,112.02,111.943,112.02,3958
2025-04-15 17:02:00,112.0,112.02,111.95,112.01,5282
2025-04-15 17:03:00,111.98,112.0,111.241,111.96,4050
2025-04-15 17:04:00,111.98,111.98,111.94,111.95,6912
2025-04-15 17:05:00,111.94,111.98,111.94,111.94,3114
2025-04-15 17:06:00,111.979,111.98,111.94,111.98,2733
2025-04-15 17:07:00,111.98,112.0,111.96,111.98,2386
2025-04-15 17:08:00,111.981,112.055,111.981,112.055,5236
2025-04-15 17:09:00,112.06,112.1,112.04,112.09,4737
2025-04-15 17:10:00,112.09,112.09,112.0,112.05,811
2025-04-15 17:11:00,112.021,112.06,112.02,112.045,704
2025-04-15 17:12:00,112.045,112.08,112.031,112.075,1909
2025-04-15 17:13:00,112.08,112.09,112.03,112.09,254
2025-04-15 17:14:00,112.03,112.1,112.03,112.04,344
2025-04-15 17:15:00,112.04,112.14,112.04,112.12,4135
2025-04-15 17:16:00,112.12,112.15,112.1,112.12,2768
2025-04-15 17:17:00,112.14,112.14,112.09,112.128,1017
2025-04-15 17:18:00,112.11,112.14,112.091,112.13,1009
2025-04-15 17:19:00,112.12,112.13,112.08,112.119,1490
2025-04-15 17:20:00,112.06,112.12,112.05,112.12,3426
2025-04-15 17:21:00,112.11,112.12,112.05,112.062,1616
2025-04-15 17:22:00,112.11,112.11,112.04,112.04,601
2025-04-15 17:23:00,112.06,112.08,111.63,111.66,61190
2025-04-15 17:24:00,111.62,112.14,111.62,111.86,12784
2025-04-15 17:25:00,111.841,111.99,110.88,111.0,139268
2025-04-15 17:26:00,111.0,111.0,110.48,110.49,87093
2025-04-15 17:27:00,110.565,110.95,109.74,109.74,174443
2025-04-15 17:28:00,109.75,110.5,109.5,109.92,69090
2025-04-15 17:29:00,110.0,110.0,109.0,109.3,104499
2025-04-15 17:30:00,109.3,109.3,107.74,107.85,148768
2025-04-15 17:31:00,107.94,108.31,107.25,107.26,90360
2025-04-15 17:32:00,107.25,108.66,107.01,108.2,110331
2025-04-15 17:33:00,108.2,108.7,108.01,108.1,68509
2025-04-15 17:34:00,108.16,108.25,107.3,107.3,91866
2025-04-15 17:35:00,107.3,107.79,107.2,107.5,82535
2025-04-15 17:36:00,107.579,108.0,107.5,107.99,113718
2025-04-15 17:37:00,107.99,108.23,107.8,107.86,69892
2025-04-15 17:38:00,107.909,108.23,107.38,107.55,84831
2025-04-15 17:39:00,107.55,107.66,106.76,106.905,154379
2025-04-15 17:40:00,106.888,107.05,106.5,106.73,96739
2025-04-15 17:41:00,106.75,106.75,106.4,106.5,95864
2025-04-15 17:42:00,106.499,106.5,106.12,106.31,113492
2025-04-15 17:43:00,106.335,106.8,106.25,106.78,98141
2025-04-15 17:44:00,106.89,107.49,106.8,107.09,118418
2025-04-15 17:45:00,107.09,107.3,107.03,107.08,105866
2025-04-15 17:46:00,107.08,107.17,107.0,107.005,69489
2025-04-15 17:47:00,107.01,107.4,106.87,107.25,95877
2025-04-15 17:48:00,107.25,107.35,107.1,107.12,54370
2025-04-15 17:49:00,107.11,107.7,107.101,107.47,66617
2025-04-15 17:50:00,107.45,107.46,106.55,106.7,75327
2025-04-15 17:51:00,106.67,106.89,106.29,106.33,126957
2025-04-15 17:52:00,106.33,106.39,106.01,106.26,100180
2025-04-15 17:53:00,106.27,106.388,105.87,106.0,109486
2025-04-15 17:54:00,105.999,106.0,105.77,105.819,106593
2025-04-15 17:55:00,105.82,105.859,105.313,105.37,131117
2025-04-15 17:56:00,105.39,105.39,105.11,105.165,104144
2025-04-15 17:57:00,105.165,105.2,104.76,104.85,182312
2025-04-15 17:58:00,104.85,105.3,104.75,105.22,168013
2025-04-15 17:59:00,105.24,105.29,105.02,105.275,82253
2025-04-15 18:00:00,105.28,105.65,105.25,105.6,114765
2025-04-15 18:01:00,105.6,105.68,105.2,105.49,88992
2025-04-15 18:02:00,105.488,105.5,104.9,105.001,55617
2025-04-15 18:03:00,105.11,105.11,104.75,104.81,62906
2025-04-15 18:04:00,104.77,105.36,104.77,105.18,70019
2025-04-15 18:05:00,105.2,105.35,104.81,105.25,52973
2025-04-15 18:06:00,105.35,105.37,105.05,105.24,40691
2025-04-15 18:07:00,105.2,105.6,105.2,105.52,69988
2025-04-15 18:08:00,105.51,105.83,105.5,105.81,88783
2025-04-15 18:09:00,105.82,105.82,105.4,105.57,67545
2025-04-15 18:10:00,105.6,105.6,105.33,105.6,35862
2025-04-15 18:11:00,105.6,105.7,105.55,105.65,62294
2025-04-15 18:12:00,105.66,105.75,105.55,105.65,37908
2025-04-15 18:13:00,105.65,105.72,105.37,105.688,44815
2025-04-15 18:14:00,105.7,105.86,105.67,105.72,48678
2025-04-15 18:15:00,105.71,105.89,105.7,105.89,37292
2025-04-15 18:16:00,105.85,105.9,105.7,105.86,31072
2025-04-15 18:17:00,105.86,105.86,105.74,105.751,35269
2025-04-15 18:18:00,105.74,105.81,105.51,105.59,46461
2025-04-15 18:19:00,105.55,105.65,105.22,105.37,40396
2025-04-15 18:20:00,105.37,105.41,104.9,104.91,96237
2025-04-15 18:21:00,104.91,105.08,104.85,104.9,71894
2025-04-15 18:22:00,104.89,105.29,104.88,105.15,74567
2025-04-15 18:23:00,105.15,105.31,105.1,105.28,31317
2025-04-15 18:24:00,105.251,105.37,105.05,105.221,33109
2025-04-15 18:25:00,105.25,105.29,105.15,105.16,27191
2025-04-15 18:26:00,105.15,105.22,105.1,105.15,17709
2025-04-15 18:27:00,105.16,105.17,104.9,105.0,50114
2025-04-15 18:28:00,104.998,105.32,104.91,105.25,60090
2025-04-15 18:29:00,105.24,105.33,105.01,105.179,32365
2025-04-15 18:30:00,105.15,105.41,105.09,105.4,38266
2025-04-15 18:31:00,105.47,105.5,105.341,105.49,43292
2025-04-15 18:32:00,105.421,105.86,105.42,105.779,68868
2025-04-15 18:33:00,105.78,105.96,105.58,105.69,51487
2025-04-15 18:34:00,105.645,105.9,105.59,105.6,35216
2025-04-15 18:35:00,105.59,105.851,105.57,105.8,19946
2025-04-15 18:36:00,105.85,105.89,105.6,105.748,41079
2025-04-15 18:37:00,105.75,105.8,105.63,105.78,25333
2025-04-15 18:38:00,105.775,105.99,105.76,105.94,48843
2025-04-15 18:39:00,105.94,106.17,105.9,105.986,59909
2025-04-15 18:40:00,105.98,105.98,105.85,105.88,36585
2025-04-15 18:41:00,105.91,106.25,105.88,106.22,44490
2025-04-15 18:42:00,106.22,106.35,106.12,106.31,61679
2025-04-15 18:43:00,106.3,106.35,106.2,106.33,51035
2025-04-15 18:44:00,106.33,106.35,106.121,106.15,32286
2025-04-15 18:45:00,106.13,106.14,105.88,105.91,62590
2025-04-15 18:46:00,105.92,106.0,105.86,105.96,60472
2025-04-15 18:47:00,105.96,105.97,105.85,105.9,27480
2025-04-15 18:48:00,105.871,106.35,105.87,106.32,31600
2025-04-15 18:49:00,106.33,106.47,105.975,105.975,52096
2025-04-15 18:50:00,105.998,106.0,105.9,105.93,39087
2025-04-15 18:51:00,105.95,105.97,105.86,105.9,24126
2025-04-15 18:52:00,105.89,105.99,105.79,105.83,47805
2025-04-15 18:53:00,105.82,105.85,105.64,105.662,36145
2025-04-15 18:54:00,105.69,105.98,105.67,105.95,41115
2025-04-15 18:55:00,105.95,106.08,105.9,105.99,49036
2025-04-15 18:56:00,105.98,106.0,105.89,105.95,14726
2025-04-15 18:57:00,105.94,106.0,105.92,105.97,28780
2025-04-15 18:58:00,105.98,105.98,105.8,105.91,16815
2025-04-15 18:59:00,105.86,105.95,105.83,105.88,11986
2025-04-15 19:00:00,105.875,105.9,105.8,105.89,20433
2025-04-15 19:01:00,105.87,105.95,105.85,105.9,43457
2025-04-15 19:02:00,105.88,105.95,105.86,105.92,13102
2025-04-15 19:03:00,105.92,105.95,105.88,105.939,24272
2025-04-15 19:04:00,105.94,105.94,105.85,105.889,24423
2025-04-15 19:05:00,105.88,105.89,105.72,105.72,60035
2025-04-15 19:06:00,105.74,105.76,105.54,105.56,42923
2025-04-15 19:07:00,105.56,105.61,105.53,105.579,36773
2025-04-15 19:08:00,105.58,105.7,105.55,105.59,21887
2025-04-15 19:09:00,105.6,105.61,105.54,105.545,19285
2025-04-15 19:10:00,105.55,105.6,105.45,105.47,23137
2025-04-15 19:11:00,105.48,105.49,105.35,105.38,34959
2025-04-15 19:12:00,105.39,105.41,105.23,105.29,39787
2025-04-15 19:13:00,105.279,105.279,105.1,105.12,35188
2025-04-15 19:14:00,105.12,105.35,105.11,105.27,32641
2025-04-15 19:15:00,105.289,105.48,105.25,105.42,24696
2025-04-15 19:16:00,105.42,105.7,105.4,105.65,40142
2025-04-15 19:17:00,105.7,105.88,105.65,105.775,31881
2025-04-15 19:18:00,105.78,105.79,105.51,105.6,17685
2025-04-15 19:19:00,105.6,105.65,105.55,105.62,15109
2025-04-15 19:20:00,105.618,105.64,105.42,105.54,29438
2025-04-15 19:21:00,105.572,105.572,105.39,105.548,19412
2025-04-15 19:22:00,105.52,105.55,105.42,105.531,14623
2025-04-15 19:23:00,105.53,105.55,105.42,105.45,10562
2025-04-15 19:24:00,105.48,105.48,105.3,105.35,17733
2025-04-15 19:25:00,105.35,105.418,105.29,105.33,17425
2025-04-15 19:26:00,105.301,105.38,105.25,105.25,25062
2025-04-15 19:27:00,105.28,105.29,105.2,105.26,15072
2025-04-15 19:28:00,105.27,105.35,105.19,105.315,39175
2025-04-15 19:29:00,105.32,105.5,105.3,105.422,27725
2025-04-15 19:30:00,105.43,105.44,105.3,105.32,20690
2025-04-15 19:31:00,105.3,105.43,105.3,105.418,36243
2025-04-15 19:32:00,105.41,105.43,105.3,105.375,11372
2025-04-15 19:33:00,105.38,105.44,105.31,105.349,20558
2025-04-15 19:34:00,105.32,105.35,105.28,105.29,16023
2025-04-15 19:35:00,105.299,105.3,105.2,105.22,40290
2025-04-15 19:36:00,105.269,105.31,105.2,105.27,17330
2025-04-15 19:37:00,105.3,105.34,105.25,105.32,15501
2025-04-15 19:38:00,105.33,105.33,105.22,105.265,7431
2025-04-15 19:39:00,105.28,105.28,105.11,105.115,40822
2025-04-15 19:40:00,105.12,105.17,105.1,105.136,20782
2025-04-15 19:41:00,105.159,105.17,105.11,105.13,18897
2025-04-15 19:42:00,105.12,105.13,105.05,105.095,22077
2025-04-15 19:43:00,105.08,105.12,105.05,105.099,14950
2025-04-15 19:44:00,105.089,105.27,105.06,105.22,39279
2025-04-15 19:45:00,105.221,105.35,105.22,105.335,24814
2025-04-15 19:46:00,105.33,105.35,105.22,105.29,26994
2025-04-15 19:47:00,105.29,105.3,105.07,105.1,16792
2025-04-15 19:48:00,105.14,105.15,105.1,105.14,26780
2025-04-15 19:49:00,105.14,105.2,105.01,105.05,37695
2025-04-15 19:50:00,105.08,105.08,104.95,104.95,64320
2025-04-15 19:51:00,104.98,105.09,104.91,105.023,27148
2025-04-15 19:52:00,105.05,105.09,104.96,104.97,36439
2025-04-15 19:53:00,104.97,105.07,104.95,105.0,37308
2025-04-15 19:54:00,105.001,105.05,104.95,105.005,26752
2025-04-15 19:55:00,105.01,105.15,104.99,105.15,27503
2025-04-15 19:56:00,105.15,105.15,105.01,105.12,31686
2025-04-15 19:57:00,105.1,105.13,105.05,105.09,21952
2025-04-15 19:58:00,105.08,105.24,105.071,105.19,33990
2025-04-15 19:59:00,105.16,105.18,105.01,105.119,39929
