timestamp,open,high,low,close,volume
2025-06-27 04:00:00,202.05,202.05,201.58,201.88,379
2025-06-27 04:01:00,201.9,201.93,201.85,201.88,1385
2025-06-27 04:02:00,201.88,201.88,201.8,201.8,29
2025-06-27 04:03:00,201.86,201.9,201.84,201.84,603
2025-06-27 04:04:00,201.89,201.89,201.82,201.82,280
2025-06-27 04:05:00,201.84,201.84,201.84,201.84,100
2025-06-27 04:06:00,201.87,201.89,201.83,201.87,103
2025-06-27 04:07:00,201.9,201.93,201.85,201.9,1708
2025-06-27 04:08:00,201.85,201.87,201.85,201.87,250
2025-06-27 04:09:00,201.9,201.9,201.83,201.83,4
2025-06-27 04:10:00,201.83,201.84,201.81,201.84,117
2025-06-27 04:11:00,201.86,201.93,201.86,201.9,297
2025-06-27 04:12:00,201.87,201.95,201.87,201.92,1373
2025-06-27 04:13:00,201.97,202.02,201.94,201.94,2228
2025-06-27 04:14:00,202.0,202.09,202.0,202.06,607
2025-06-27 04:15:00,202.02,202.05,202.02,202.02,408
2025-06-27 04:16:00,202.04,202.04,201.99,201.99,288
2025-06-27 04:17:00,202.01,202.01,201.93,201.93,113
2025-06-27 04:18:00,201.94,201.99,201.93,201.99,594
2025-06-27 04:19:00,201.99,202.0,201.99,202.0,612
2025-06-27 04:20:00,201.97,201.97,201.97,201.97,1
2025-06-27 04:21:00,201.97,201.97,201.9,201.91,388
2025-06-27 04:22:00,201.93,201.93,201.93,201.93,160
2025-06-27 04:23:00,201.96,201.96,201.92,201.92,24
2025-06-27 04:24:00,201.92,201.92,201.92,201.92,0
2025-06-27 04:25:00,201.97,201.97,201.97,201.97,27
2025-06-27 04:26:00,201.97,201.97,201.94,201.94,33
2025-06-27 04:27:00,201.99,202.0,201.99,202.0,203
2025-06-27 04:28:00,201.98,201.98,201.96,201.96,142
2025-06-27 04:29:00,201.97,201.97,201.86,201.88,614
2025-06-27 04:30:00,201.91,201.94,201.91,201.94,102
2025-06-27 04:31:00,201.96,202.04,201.96,202.03,2013
2025-06-27 04:32:00,202.02,202.05,202.02,202.04,26
2025-06-27 04:33:00,202.05,202.05,202.05,202.05,100
2025-06-27 04:34:00,202.02,202.02,202.0,202.02,109
2025-06-27 04:35:00,202.04,202.06,202.04,202.06,33
2025-06-27 04:36:00,202.06,202.06,202.0,202.0,651
2025-06-27 04:37:00,202.01,202.01,202.01,202.01,37
2025-06-27 04:38:00,202.03,202.03,202.02,202.03,75
2025-06-27 04:39:00,202.02,202.02,202.02,202.02,230
2025-06-27 04:40:00,202.02,202.02,202.02,202.02,0
2025-06-27 04:41:00,202.02,202.02,202.02,202.02,3
2025-06-27 04:42:00,202.01,202.01,202.0,202.0,134
2025-06-27 04:43:00,202.02,202.05,202.02,202.04,509
2025-06-27 04:44:00,202.04,202.04,202.04,202.04,0
2025-06-27 04:45:00,202.0,202.0,201.97,201.97,28
2025-06-27 04:46:00,201.98,201.98,201.97,201.98,105
2025-06-27 04:47:00,201.98,202.0,201.96,202.0,218
2025-06-27 04:48:00,202.04,202.04,202.04,202.04,14
2025-06-27 04:49:00,202.02,202.04,202.02,202.04,151
2025-06-27 04:50:00,202.04,202.04,202.04,202.04,0
2025-06-27 04:51:00,202.02,202.02,201.98,201.98,31
2025-06-27 04:52:00,201.98,202.0,201.97,201.98,248
2025-06-27 04:53:00,202.0,202.0,202.0,202.0,17
2025-06-27 04:54:00,202.02,202.04,202.02,202.04,80
2025-06-27 04:55:00,202.04,202.07,202.04,202.07,35
2025-06-27 04:56:00,202.07,202.07,202.07,202.07,17
2025-06-27 04:57:00,202.07,202.07,202.05,202.05,126
2025-06-27 04:58:00,202.03,202.03,202.03,202.03,100
2025-06-27 04:59:00,202.04,202.04,202.04,202.04,10
2025-06-27 05:00:00,202.02,202.02,202.01,202.01,7
2025-06-27 05:01:00,202.02,202.02,201.99,201.99,55
2025-06-27 05:02:00,201.99,202.03,201.95,202.03,65
2025-06-27 05:03:00,202.03,202.03,202.0,202.0,86
2025-06-27 05:04:00,201.96,202.0,201.96,202.0,81
2025-06-27 05:05:00,202.0,202.0,202.0,202.0,0
2025-06-27 05:06:00,201.95,201.95,201.94,201.94,210
2025-06-27 05:07:00,201.94,201.94,201.94,201.94,0
2025-06-27 05:08:00,201.94,201.94,201.94,201.94,0
2025-06-27 05:09:00,201.95,201.95,201.9,201.9,180
2025-06-27 05:10:00,201.89,201.89,201.86,201.86,186
2025-06-27 05:11:00,201.85,201.87,201.85,201.85,352
2025-06-27 05:12:00,201.87,201.9,201.86,201.9,69
2025-06-27 05:13:00,201.9,201.9,201.9,201.9,0
2025-06-27 05:14:00,201.9,201.9,201.9,201.9,0
2025-06-27 05:15:00,201.9,201.9,201.9,201.9,0
2025-06-27 05:16:00,201.91,201.91,201.91,201.91,70
2025-06-27 05:17:00,201.91,201.91,201.91,201.91,0
2025-06-27 05:18:00,201.93,201.93,201.93,201.93,1
2025-06-27 05:19:00,201.93,201.93,201.93,201.93,0
2025-06-27 05:20:00,201.91,201.91,201.91,201.91,1
2025-06-27 05:21:00,201.93,201.93,201.93,201.93,1
2025-06-27 05:22:00,201.93,201.93,201.93,201.93,3
2025-06-27 05:23:00,201.91,201.92,201.91,201.91,328
2025-06-27 05:24:00,201.91,201.91,201.91,201.91,0
2025-06-27 05:25:00,201.93,201.93,201.93,201.93,21
2025-06-27 05:26:00,201.93,201.94,201.93,201.94,223
2025-06-27 05:27:00,201.93,201.93,201.93,201.93,8
2025-06-27 05:28:00,201.93,201.93,201.93,201.93,0
2025-06-27 05:29:00,201.93,201.93,201.9,201.91,477
2025-06-27 05:30:00,201.94,201.94,201.94,201.94,7
2025-06-27 05:31:00,201.97,201.99,201.97,201.99,44
2025-06-27 05:32:00,201.96,201.96,201.95,201.95,76
2025-06-27 05:33:00,201.96,201.96,201.96,201.96,18
2025-06-27 05:34:00,201.95,201.95,201.95,201.95,1
2025-06-27 05:35:00,201.95,201.95,201.9,201.91,93
2025-06-27 05:36:00,201.86,201.86,201.86,201.86,63
2025-06-27 05:37:00,201.89,201.9,201.86,201.86,113
2025-06-27 05:38:00,201.86,201.86,201.85,201.85,452
2025-06-27 05:39:00,201.87,201.87,201.87,201.87,1
2025-06-27 05:40:00,201.87,201.87,201.87,201.87,0
2025-06-27 05:41:00,201.86,201.86,201.8,201.8,972
2025-06-27 05:42:00,201.83,201.83,201.8,201.8,200
2025-06-27 05:43:00,201.8,201.8,201.8,201.8,0
2025-06-27 05:44:00,201.85,201.85,201.85,201.85,16
2025-06-27 05:45:00,201.85,201.85,201.85,201.85,2
2025-06-27 05:46:00,201.87,201.87,201.87,201.87,10
2025-06-27 05:47:00,201.87,201.89,201.87,201.89,101
2025-06-27 05:48:00,201.88,201.88,201.88,201.88,4
2025-06-27 05:49:00,201.88,201.9,201.86,201.9,191
2025-06-27 05:50:00,201.9,201.9,201.9,201.9,0
2025-06-27 05:51:00,201.88,201.88,201.88,201.88,2
2025-06-27 05:52:00,201.85,201.85,201.85,201.85,35
2025-06-27 05:53:00,201.84,201.84,201.84,201.84,1
2025-06-27 05:54:00,201.85,201.85,201.85,201.85,60
2025-06-27 05:55:00,201.88,201.9,201.88,201.88,65
2025-06-27 05:56:00,201.88,201.99,201.88,201.95,146
2025-06-27 05:57:00,201.95,201.95,201.95,201.95,0
2025-06-27 05:58:00,201.95,201.95,201.91,201.91,37
2025-06-27 05:59:00,202.0,202.0,201.97,201.97,22
2025-06-27 06:00:00,201.96,201.96,201.96,201.96,2
2025-06-27 06:01:00,201.92,201.92,201.82,201.82,226
2025-06-27 06:02:00,201.91,201.91,201.91,201.91,61
2025-06-27 06:03:00,201.96,201.96,201.96,201.96,40
2025-06-27 06:04:00,201.97,201.97,201.97,201.97,11
2025-06-27 06:05:00,201.97,201.97,201.97,201.97,10
2025-06-27 06:06:00,201.93,201.93,201.93,201.93,70
2025-06-27 06:07:00,201.97,201.97,201.97,201.97,60
2025-06-27 06:08:00,201.95,201.95,201.95,201.95,29
2025-06-27 06:09:00,201.91,201.91,201.91,201.91,11
2025-06-27 06:10:00,201.91,201.91,201.91,201.91,0
2025-06-27 06:11:00,201.91,201.91,201.91,201.91,0
2025-06-27 06:12:00,201.91,201.91,201.91,201.91,0
2025-06-27 06:13:00,201.91,201.91,201.91,201.91,0
2025-06-27 06:14:00,201.91,201.91,201.91,201.91,0
2025-06-27 06:15:00,201.86,201.86,201.86,201.86,6
2025-06-27 06:16:00,201.87,201.9,201.87,201.9,698
2025-06-27 06:17:00,201.92,201.92,201.92,201.92,4
2025-06-27 06:18:00,201.91,201.91,201.91,201.91,34
2025-06-27 06:19:00,201.91,201.91,201.91,201.91,0
2025-06-27 06:20:00,201.91,201.91,201.91,201.91,0
2025-06-27 06:21:00,201.9,201.94,201.9,201.9,146
2025-06-27 06:22:00,201.9,201.9,201.9,201.9,0
2025-06-27 06:23:00,201.94,201.94,201.94,201.94,2
2025-06-27 06:24:00,201.94,201.94,201.94,201.94,0
2025-06-27 06:25:00,201.94,201.94,201.94,201.94,0
2025-06-27 06:26:00,201.94,201.94,201.94,201.94,2
2025-06-27 06:27:00,201.94,201.94,201.94,201.94,0
2025-06-27 06:28:00,201.93,201.95,201.93,201.95,114
2025-06-27 06:29:00,201.92,201.92,201.92,201.92,19
2025-06-27 06:30:00,201.93,201.93,201.93,201.93,73
2025-06-27 06:31:00,201.94,201.94,201.91,201.91,17
2025-06-27 06:32:00,201.92,201.92,201.9,201.9,79
2025-06-27 06:33:00,201.87,201.9,201.87,201.9,21
2025-06-27 06:34:00,201.87,201.87,201.85,201.85,106
2025-06-27 06:35:00,201.85,201.85,201.85,201.85,250
2025-06-27 06:36:00,201.85,201.85,201.8,201.82,267
2025-06-27 06:37:00,201.85,201.85,201.85,201.85,3
2025-06-27 06:38:00,201.84,201.84,201.84,201.84,101
2025-06-27 06:39:00,201.84,201.84,201.84,201.84,2
2025-06-27 06:40:00,201.8,201.8,201.8,201.8,75
2025-06-27 06:41:00,201.8,201.8,201.8,201.8,314
2025-06-27 06:42:00,201.8,201.8,201.8,201.8,0
2025-06-27 06:43:00,201.78,201.84,201.78,201.84,71
2025-06-27 06:44:00,201.79,201.79,201.79,201.79,1
2025-06-27 06:45:00,201.82,201.82,201.78,201.78,17
2025-06-27 06:46:00,201.8,201.81,201.79,201.8,101
2025-06-27 06:47:00,201.84,201.84,201.84,201.84,1
2025-06-27 06:48:00,201.84,201.84,201.8,201.81,127
2025-06-27 06:49:00,201.81,201.81,201.81,201.81,168
2025-06-27 06:50:00,201.81,201.81,201.81,201.81,62
2025-06-27 06:51:00,201.81,201.81,201.81,201.81,0
2025-06-27 06:52:00,201.78,201.78,201.77,201.78,126
2025-06-27 06:53:00,201.78,201.78,201.77,201.77,7
2025-06-27 06:54:00,201.77,201.77,201.77,201.77,0
2025-06-27 06:55:00,201.77,201.77,201.7,201.7,301
2025-06-27 06:56:00,201.71,201.71,201.71,201.71,6
2025-06-27 06:57:00,201.71,201.71,201.71,201.71,10
2025-06-27 06:58:00,201.73,201.73,201.73,201.73,3
2025-06-27 06:59:00,201.73,201.73,201.73,201.73,0
2025-06-27 07:00:00,201.74,201.74,201.56,201.56,436
2025-06-27 07:01:00,201.7,201.7,201.64,201.64,68
2025-06-27 07:02:00,201.64,201.64,201.64,201.64,0
2025-06-27 07:03:00,201.7,201.71,201.69,201.71,562
2025-06-27 07:04:00,201.71,201.75,201.71,201.75,2
2025-06-27 07:05:00,201.74,201.75,201.72,201.72,72
2025-06-27 07:06:00,201.73,201.8,201.73,201.8,568
2025-06-27 07:07:00,201.8,201.8,201.8,201.8,20
2025-06-27 07:08:00,201.8,201.8,201.8,201.8,0
2025-06-27 07:09:00,201.8,201.8,201.8,201.8,1
2025-06-27 07:10:00,201.8,201.81,201.8,201.81,248
2025-06-27 07:11:00,201.81,201.81,201.72,201.81,886
2025-06-27 07:12:00,201.81,201.81,201.81,201.81,225
2025-06-27 07:13:00,201.81,201.81,201.81,201.81,786
2025-06-27 07:14:00,201.81,201.84,201.81,201.83,34
2025-06-27 07:15:00,201.8,201.83,201.79,201.83,108
2025-06-27 07:16:00,201.84,201.84,201.84,201.84,5
2025-06-27 07:17:00,201.84,201.84,201.84,201.84,0
2025-06-27 07:18:00,201.84,201.84,201.84,201.84,0
2025-06-27 07:19:00,201.84,201.84,201.84,201.84,20
2025-06-27 07:20:00,201.85,201.89,201.85,201.89,559
2025-06-27 07:21:00,201.89,201.89,201.85,201.85,428
2025-06-27 07:22:00,201.89,201.96,201.89,201.96,564
2025-06-27 07:23:00,201.93,201.95,201.93,201.95,8
2025-06-27 07:24:00,201.9,201.96,201.87,201.96,237
2025-06-27 07:25:00,201.96,201.96,201.96,201.96,0
2025-06-27 07:26:00,201.9,201.9,201.87,201.87,73
2025-06-27 07:27:00,201.9,201.91,201.9,201.91,210
2025-06-27 07:28:00,201.91,201.91,201.9,201.9,101
2025-06-27 07:29:00,201.9,201.91,201.9,201.9,98
2025-06-27 07:30:00,201.9,201.9,201.9,201.9,0
2025-06-27 07:31:00,201.9,201.9,201.9,201.9,0
2025-06-27 07:32:00,201.9,201.9,201.9,201.9,0
2025-06-27 07:33:00,201.9,201.9,201.9,201.9,0
2025-06-27 07:34:00,201.93,201.95,201.93,201.95,415
2025-06-27 07:35:00,201.92,201.979,201.92,201.97,420
2025-06-27 07:36:00,201.95,201.95,201.93,201.93,79
2025-06-27 07:37:00,201.95,201.95,201.9,201.93,1276
2025-06-27 07:38:00,201.99,202.0,201.99,202.0,193
2025-06-27 07:39:00,202.0,202.0,202.0,202.0,100
2025-06-27 07:40:00,202.0,202.0,202.0,202.0,0
2025-06-27 07:41:00,201.98,201.99,201.98,201.99,320
2025-06-27 07:42:00,201.97,202.03,201.95,202.03,2512
2025-06-27 07:43:00,202.0,202.0,202.0,202.0,2
2025-06-27 07:44:00,202.02,202.04,202.02,202.02,447
2025-06-27 07:45:00,202.02,202.02,202.02,202.02,3
2025-06-27 07:46:00,201.98,201.98,201.98,201.98,2
2025-06-27 07:47:00,201.98,201.98,201.98,201.98,0
2025-06-27 07:48:00,201.95,201.96,201.95,201.95,118
2025-06-27 07:49:00,201.95,201.96,201.94,201.96,300
2025-06-27 07:50:00,201.96,201.96,201.93,201.93,185
2025-06-27 07:51:00,201.93,201.93,201.93,201.93,0
2025-06-27 07:52:00,201.93,201.93,201.93,201.93,0
2025-06-27 07:53:00,201.96,201.96,201.93,201.96,147
2025-06-27 07:54:00,201.97,201.97,201.96,201.96,7
2025-06-27 07:55:00,201.95,201.95,201.93,201.93,15
2025-06-27 07:56:00,201.94,201.94,201.94,201.94,71
2025-06-27 07:57:00,201.94,201.94,201.94,201.94,20
2025-06-27 07:58:00,201.97,201.98,201.97,201.98,278
2025-06-27 07:59:00,201.98,201.98,201.98,201.98,0
2025-06-27 08:00:00,201.7,202.09,201.55,202.02,348060
2025-06-27 08:01:00,202.02,202.05,201.2,201.87,2419
2025-06-27 08:02:00,201.92,201.99,201.9,201.97,3659
2025-06-27 08:03:00,201.96,202.049,201.95,202.011,1243
2025-06-27 08:04:00,202.02,202.08,202.0,202.07,2049
2025-06-27 08:05:00,201.0,202.07,201.0,201.96,546
2025-06-27 08:06:00,201.999,202.0,201.91,201.99,774
2025-06-27 08:07:00,202.0,202.0,201.91,201.92,106
2025-06-27 08:08:00,201.91,202.0,201.91,201.95,202
2025-06-27 08:09:00,201.91,201.95,201.91,201.92,794
2025-06-27 08:10:00,201.91,201.99,201.9,201.96,1761
2025-06-27 08:11:00,201.9,201.968,201.81,201.85,898
2025-06-27 08:12:00,201.9,201.9,201.85,201.87,537
2025-06-27 08:13:00,201.85,201.86,201.81,201.85,1296
2025-06-27 08:14:00,201.88,201.88,201.82,201.87,1166
2025-06-27 08:15:00,201.87,201.87,201.74,201.81,828
2025-06-27 08:16:00,201.79,201.86,201.79,201.86,130
2025-06-27 08:17:00,201.83,201.9,201.83,201.87,1847
2025-06-27 08:18:00,201.83,201.88,201.83,201.85,204
2025-06-27 08:19:00,201.87,201.88,201.842,201.85,451
2025-06-27 08:20:00,201.846,201.85,201.82,201.85,513
2025-06-27 08:21:00,201.82,201.9,201.82,201.895,702
2025-06-27 08:22:00,201.9,201.9,201.86,201.86,63
2025-06-27 08:23:00,201.89,201.95,201.86,201.949,1000
2025-06-27 08:24:00,201.95,201.95,201.86,201.92,669
2025-06-27 08:25:00,201.92,201.95,201.87,201.95,649
2025-06-27 08:26:00,201.93,201.95,201.85,201.94,2078
2025-06-27 08:27:00,201.87,201.92,201.85,201.92,258
2025-06-27 08:28:00,201.92,201.94,201.87,201.91,4291
2025-06-27 08:29:00,201.861,201.938,201.85,201.86,774
2025-06-27 08:30:00,201.85,201.9,201.79,201.79,2776
2025-06-27 08:31:00,201.85,201.86,201.79,201.82,549
2025-06-27 08:32:00,201.82,201.84,201.71,201.84,2215
2025-06-27 08:33:00,201.84,201.85,201.74,201.769,1615
2025-06-27 08:34:00,201.769,201.85,201.75,201.76,1354
2025-06-27 08:35:00,201.81,201.85,201.7,201.75,925
2025-06-27 08:36:00,201.81,201.82,201.71,201.71,147
2025-06-27 08:37:00,201.71,201.8,201.71,201.71,353
2025-06-27 08:38:00,201.76,201.78,201.71,201.73,451
2025-06-27 08:39:00,201.78,201.82,201.72,201.741,181
2025-06-27 08:40:00,201.82,201.82,201.73,201.77,1981
2025-06-27 08:41:00,201.73,201.78,201.71,201.711,1852
2025-06-27 08:42:00,201.71,201.78,201.7,201.72,1780
2025-06-27 08:43:00,201.75,201.79,201.7,201.72,17559
2025-06-27 08:44:00,201.777,201.78,201.71,201.76,2577
2025-06-27 08:45:00,201.72,201.78,201.69,201.75,83
2025-06-27 08:46:00,201.75,201.8,201.69,201.79,422
2025-06-27 08:47:00,201.79,201.8,201.7,201.76,410
2025-06-27 08:48:00,201.8,201.812,201.751,201.79,811
2025-06-27 08:49:00,201.756,201.82,201.71,201.79,934
2025-06-27 08:50:00,201.71,201.79,201.71,201.75,214
2025-06-27 08:51:00,201.773,201.817,201.71,201.817,1801
2025-06-27 08:52:00,201.71,201.78,201.64,201.71,486
2025-06-27 08:53:00,201.71,201.71,201.63,201.66,1034
2025-06-27 08:54:00,201.66,201.71,201.64,201.709,1185
2025-06-27 08:55:00,201.709,201.71,201.64,201.69,338
2025-06-27 08:56:00,201.66,201.78,201.66,201.78,455
2025-06-27 08:57:00,201.67,201.769,201.67,201.73,142
2025-06-27 08:58:00,201.75,201.75,201.691,201.73,934
2025-06-27 08:59:00,201.7,201.771,201.7,201.73,776
2025-06-27 09:00:00,201.71,201.78,201.67,201.72,888
2025-06-27 09:01:00,201.78,201.78,201.6,201.73,1898
2025-06-27 09:02:00,201.6,201.73,201.57,201.68,1344
2025-06-27 09:03:00,201.68,201.7,201.63,201.66,2585
2025-06-27 09:04:00,201.67,201.69,201.6,201.65,828
2025-06-27 09:05:00,201.6,201.68,201.6,201.68,727
2025-06-27 09:06:00,201.7,201.74,201.64,201.71,229
2025-06-27 09:07:00,201.69,201.74,201.63,201.63,2121
2025-06-27 09:08:00,201.7,201.7,201.63,201.64,1482
2025-06-27 09:09:00,201.63,201.69,201.63,201.69,1147
2025-06-27 09:10:00,201.64,201.69,201.6,201.69,250
2025-06-27 09:11:00,201.57,201.69,201.57,201.62,747
2025-06-27 09:12:00,201.65,201.69,201.61,201.62,785
2025-06-27 09:13:00,201.69,201.69,201.61,201.679,462
2025-06-27 09:14:00,201.62,201.69,201.62,201.63,1112
2025-06-27 09:15:00,201.65,201.69,201.62,201.69,664
2025-06-27 09:16:00,201.62,201.77,201.62,201.756,888
2025-06-27 09:17:00,201.799,201.85,201.75,201.84,1417
2025-06-27 09:18:00,201.84,201.87,201.8,201.84,1571
2025-06-27 09:19:00,201.82,201.87,201.77,201.839,447
2025-06-27 09:20:00,201.828,201.85,201.72,201.82,452
2025-06-27 09:21:00,201.72,201.82,201.71,201.76,567
2025-06-27 09:22:00,201.8,201.82,201.72,201.755,1590
2025-06-27 09:23:00,201.75,201.8,201.75,201.79,1049
2025-06-27 09:24:00,201.79,201.87,201.73,201.79,741
2025-06-27 09:25:00,201.82,201.87,201.8,201.87,1766
2025-06-27 09:26:00,201.86,201.87,201.83,201.87,3754
2025-06-27 09:27:00,201.87,201.96,201.8,201.96,4204
2025-06-27 09:28:00,201.88,201.94,201.81,201.836,3854
2025-06-27 09:29:00,201.81,201.907,201.79,201.85,2904
2025-06-27 09:30:00,201.89,202.1,201.44,201.725,614224
2025-06-27 09:31:00,201.68,202.36,201.26,202.29,287413
2025-06-27 09:32:00,202.356,202.89,202.29,202.73,360726
2025-06-27 09:33:00,202.67,203.22,202.39,203.021,296751
2025-06-27 09:34:00,203.02,203.05,202.79,202.84,213932
2025-06-27 09:35:00,202.813,202.89,202.33,202.481,181792
2025-06-27 09:36:00,202.496,202.81,202.45,202.51,178921
2025-06-27 09:37:00,202.49,202.53,202.16,202.29,126924
2025-06-27 09:38:00,202.28,202.47,202.145,202.32,127589
2025-06-27 09:39:00,202.36,202.49,202.14,202.285,109216
2025-06-27 09:40:00,202.3,202.53,202.13,202.515,115971
2025-06-27 09:41:00,202.501,202.53,202.01,202.01,156195
2025-06-27 09:42:00,202.02,202.13,201.93,202.047,101522
2025-06-27 09:43:00,202.05,202.4,201.99,202.3,97056
2025-06-27 09:44:00,202.3,202.31,202.14,202.19,61722
2025-06-27 09:45:00,202.225,202.37,202.09,202.21,90475
2025-06-27 09:46:00,202.187,202.397,202.14,202.32,72091
2025-06-27 09:47:00,202.35,202.45,202.13,202.205,101328
2025-06-27 09:48:00,202.205,202.38,202.205,202.34,62483
2025-06-27 09:49:00,202.36,202.58,202.23,202.505,95060
2025-06-27 09:50:00,202.505,202.7,202.445,202.68,112121
2025-06-27 09:51:00,202.68,202.98,202.664,202.98,134891
2025-06-27 09:52:00,202.98,203.118,202.78,202.85,162226
2025-06-27 09:53:00,202.83,203.04,202.7,203.04,77415
2025-06-27 09:54:00,203.04,203.13,202.79,202.84,99693
2025-06-27 09:55:00,202.85,202.93,202.65,202.874,105471
2025-06-27 09:56:00,202.89,202.94,202.73,202.94,106568
2025-06-27 09:57:00,202.94,202.96,202.72,202.745,88107
2025-06-27 09:58:00,202.75,202.869,202.66,202.76,114934
2025-06-27 09:59:00,202.772,202.85,202.65,202.797,109163
2025-06-27 10:00:00,202.85,202.97,202.58,202.96,168640
2025-06-27 10:01:00,202.965,202.99,202.62,202.81,108039
2025-06-27 10:02:00,202.83,202.87,202.735,202.81,61440
2025-06-27 10:03:00,202.799,202.8,202.58,202.7,71301
2025-06-27 10:04:00,202.71,202.92,202.709,202.77,46151
2025-06-27 10:05:00,202.81,202.88,202.69,202.75,54351
2025-06-27 10:06:00,202.745,202.76,202.41,202.44,107967
2025-06-27 10:07:00,202.44,202.485,202.33,202.395,96363
2025-06-27 10:08:00,202.395,202.403,202.22,202.3,82195
2025-06-27 10:09:00,202.33,202.46,202.1,202.14,176988
2025-06-27 10:10:00,202.135,202.21,202.05,202.165,138321
2025-06-27 10:11:00,202.17,202.36,202.11,202.34,151192
2025-06-27 10:12:00,202.315,202.4,202.25,202.36,83170
2025-06-27 10:13:00,202.363,202.363,202.2,202.21,64603
2025-06-27 10:14:00,202.21,202.23,202.03,202.08,83008
2025-06-27 10:15:00,202.07,202.2,202.06,202.134,55582
2025-06-27 10:16:00,202.12,202.19,201.92,202.01,129793
2025-06-27 10:17:00,202.02,202.02,201.82,201.912,89293
2025-06-27 10:18:00,201.92,201.92,201.76,201.85,83860
2025-06-27 10:19:00,201.85,202.0,201.845,201.95,79786
2025-06-27 10:20:00,201.945,201.96,201.74,201.812,101539
2025-06-27 10:21:00,201.81,201.85,201.685,201.73,102137
2025-06-27 10:22:00,201.73,201.99,201.712,201.985,78986
2025-06-27 10:23:00,201.99,202.04,201.813,201.93,106101
2025-06-27 10:24:00,201.92,201.97,201.7,201.72,90424
2025-06-27 10:25:00,201.72,201.73,201.55,201.615,95177
2025-06-27 10:26:00,201.62,201.675,201.43,201.557,138845
2025-06-27 10:27:00,201.56,201.625,201.43,201.612,89380
2025-06-27 10:28:00,201.62,201.7,201.55,201.61,74788
2025-06-27 10:29:00,201.61,201.67,201.51,201.58,122486
2025-06-27 10:30:00,201.59,201.66,201.49,201.57,109340
2025-06-27 10:31:00,201.56,201.56,201.302,201.325,112684
2025-06-27 10:32:00,201.32,201.47,201.255,201.39,163394
2025-06-27 10:33:00,201.385,201.42,201.03,201.05,176221
2025-06-27 10:34:00,201.04,201.36,200.97,201.33,153729
2025-06-27 10:35:00,201.32,201.54,201.295,201.46,111890
2025-06-27 10:36:00,201.46,201.6,201.45,201.553,92830
2025-06-27 10:37:00,201.55,201.79,201.46,201.765,109020
2025-06-27 10:38:00,201.77,201.91,201.74,201.906,74020
2025-06-27 10:39:00,201.925,201.95,201.77,201.86,104661
2025-06-27 10:40:00,201.85,201.88,201.75,201.815,43074
2025-06-27 10:41:00,201.81,201.83,201.74,201.74,45155
2025-06-27 10:42:00,201.75,201.89,201.672,201.69,83037
2025-06-27 10:43:00,201.7,201.73,201.55,201.65,78233
2025-06-27 10:44:00,201.66,201.68,201.53,201.59,104884
2025-06-27 10:45:00,201.585,201.6,201.46,201.48,56158
2025-06-27 10:46:00,201.487,201.58,201.41,201.57,53926
2025-06-27 10:47:00,201.55,201.56,201.435,201.477,60823
2025-06-27 10:48:00,201.48,201.51,201.34,201.361,40189
2025-06-27 10:49:00,201.34,201.35,201.25,201.285,120893
2025-06-27 10:50:00,201.29,201.41,201.22,201.39,63622
2025-06-27 10:51:00,201.4,201.4,201.145,201.145,64470
2025-06-27 10:52:00,201.14,201.14,200.855,201.079,223500
2025-06-27 10:53:00,201.075,201.33,201.05,201.29,94852
2025-06-27 10:54:00,201.29,201.426,201.23,201.26,126101
2025-06-27 10:55:00,201.26,201.27,201.0,201.1,106201
2025-06-27 10:56:00,201.1,201.145,201.05,201.13,38567
2025-06-27 10:57:00,201.136,201.173,201.09,201.1,43891
2025-06-27 10:58:00,201.11,201.22,201.03,201.18,66349
2025-06-27 10:59:00,201.18,201.26,201.145,201.199,43893
2025-06-27 11:00:00,201.21,201.235,201.15,201.16,54189
2025-06-27 11:01:00,201.165,201.24,201.0,201.03,61162
2025-06-27 11:02:00,201.02,201.2,201.01,201.01,57068
2025-06-27 11:03:00,201.009,201.04,200.955,201.04,94279
2025-06-27 11:04:00,201.04,201.12,200.99,201.055,61070
2025-06-27 11:05:00,201.033,201.071,200.99,201.06,59793
2025-06-27 11:06:00,201.06,201.361,201.06,201.32,75263
2025-06-27 11:07:00,201.33,201.41,201.3,201.315,77397
2025-06-27 11:08:00,201.31,201.44,201.29,201.42,66493
2025-06-27 11:09:00,201.42,201.43,201.21,201.27,55963
2025-06-27 11:10:00,201.274,201.37,201.274,201.34,32801
2025-06-27 11:11:00,201.33,201.43,201.28,201.28,51034
2025-06-27 11:12:00,201.29,201.39,201.253,201.26,32979
2025-06-27 11:13:00,201.265,201.35,201.25,201.317,37963
2025-06-27 11:14:00,201.31,201.32,201.23,201.26,51789
2025-06-27 11:15:00,201.26,201.285,201.16,201.201,62427
2025-06-27 11:16:00,201.2,201.21,201.115,201.21,74472
2025-06-27 11:17:00,201.2,201.23,201.125,201.21,77580
2025-06-27 11:18:00,201.22,201.24,201.19,201.2,38135
2025-06-27 11:19:00,201.18,201.245,201.14,201.23,32385
2025-06-27 11:20:00,201.23,201.23,201.13,201.19,32050
2025-06-27 11:21:00,201.2,201.239,201.125,201.185,41257
2025-06-27 11:22:00,201.185,201.2,201.125,201.16,42453
2025-06-27 11:23:00,201.169,201.23,201.16,201.185,43432
2025-06-27 11:24:00,201.185,201.2,201.14,201.19,37766
2025-06-27 11:25:00,201.19,201.23,201.16,201.21,31509
2025-06-27 11:26:00,201.2,201.249,201.15,201.24,32786
2025-06-27 11:27:00,201.239,201.34,201.22,201.25,70577
2025-06-27 11:28:00,201.236,201.33,201.22,201.315,31914
2025-06-27 11:29:00,201.32,201.418,201.25,201.382,40346
2025-06-27 11:30:00,201.4,201.55,201.39,201.46,103549
2025-06-27 11:31:00,201.47,201.53,201.41,201.463,59572
2025-06-27 11:32:00,201.48,201.62,201.46,201.61,83184
2025-06-27 11:33:00,201.615,201.622,201.565,201.598,52644
2025-06-27 11:34:00,201.595,201.6,201.545,201.55,41633
2025-06-27 11:35:00,201.57,201.62,201.52,201.595,43407
2025-06-27 11:36:00,201.599,201.72,201.56,201.685,57555
2025-06-27 11:37:00,201.68,201.73,201.66,201.676,48164
2025-06-27 11:38:00,201.67,201.74,201.645,201.73,41349
2025-06-27 11:39:00,201.73,201.73,201.65,201.69,34822
2025-06-27 11:40:00,201.7,201.79,201.612,201.73,79177
2025-06-27 11:41:00,201.738,201.77,201.653,201.663,40506
2025-06-27 11:42:00,201.67,201.71,201.65,201.68,44105
2025-06-27 11:43:00,201.68,201.79,201.65,201.778,25026
2025-06-27 11:44:00,201.78,201.81,201.715,201.75,35966
2025-06-27 11:45:00,201.755,201.81,201.74,201.775,39424
2025-06-27 11:46:00,201.79,201.84,201.77,201.805,41687
2025-06-27 11:47:00,201.8,201.9,201.785,201.885,37835
2025-06-27 11:48:00,201.885,201.885,201.8,201.8,37919
2025-06-27 11:49:00,201.81,201.895,201.741,201.892,41736
2025-06-27 11:50:00,201.888,201.91,201.815,201.85,34743
2025-06-27 11:51:00,201.85,201.91,201.81,201.81,42998
2025-06-27 11:52:00,201.815,201.9,201.81,201.84,32574
2025-06-27 11:53:00,201.83,201.895,201.8,201.89,54431
2025-06-27 11:54:00,201.885,201.92,201.87,201.89,46404
2025-06-27 11:55:00,201.88,202.01,201.88,201.99,98404
2025-06-27 11:56:00,201.99,202.005,201.87,201.92,48718
2025-06-27 11:57:00,201.93,202.035,201.86,201.95,126162
2025-06-27 11:58:00,201.95,202.05,201.94,202.02,91664
2025-06-27 11:59:00,202.02,202.03,201.87,201.88,64659
2025-06-27 12:00:00,201.88,201.9,201.73,201.74,80452
2025-06-27 12:01:00,201.75,201.77,201.65,201.69,58599
2025-06-27 12:02:00,201.69,201.8,201.675,201.73,56120
2025-06-27 12:03:00,201.72,201.82,201.69,201.78,42685
2025-06-27 12:04:00,201.78,201.81,201.71,201.759,65962
2025-06-27 12:05:00,201.76,201.78,201.73,201.73,36596
2025-06-27 12:06:00,201.705,201.74,201.62,201.695,50472
2025-06-27 12:07:00,201.69,201.725,201.63,201.645,37475
2025-06-27 12:08:00,201.64,201.7,201.57,201.68,48542
2025-06-27 12:09:00,201.68,201.829,201.68,201.81,38478
2025-06-27 12:10:00,201.795,201.84,201.75,201.79,44825
2025-06-27 12:11:00,201.79,201.84,201.79,201.81,29563
2025-06-27 12:12:00,201.815,201.93,201.78,201.92,45038
2025-06-27 12:13:00,201.93,202.03,201.9,201.994,51980
2025-06-27 12:14:00,201.995,202.02,201.915,201.96,60437
2025-06-27 12:15:00,201.972,201.972,201.89,201.92,34681
2025-06-27 12:16:00,201.94,201.942,201.86,201.86,41449
2025-06-27 12:17:00,201.85,201.89,201.79,201.844,32777
2025-06-27 12:18:00,201.83,201.86,201.78,201.815,34089
2025-06-27 12:19:00,201.82,201.83,201.74,201.785,28974
2025-06-27 12:20:00,201.78,201.85,201.755,201.82,56772
2025-06-27 12:21:00,201.82,201.89,201.775,201.88,60867
2025-06-27 12:22:00,201.867,201.95,201.85,201.95,37795
2025-06-27 12:23:00,201.949,201.95,201.89,201.91,28351
2025-06-27 12:24:00,201.92,201.94,201.88,201.89,35428
2025-06-27 12:25:00,201.88,202.0,201.87,201.975,36454
2025-06-27 12:26:00,201.975,201.975,201.89,201.9,21252
2025-06-27 12:27:00,201.905,201.995,201.905,201.94,27236
2025-06-27 12:28:00,201.945,202.0,201.92,201.95,27118
2025-06-27 12:29:00,201.96,202.0,201.94,201.99,28325
2025-06-27 12:30:00,201.99,202.03,201.93,201.99,58127
2025-06-27 12:31:00,201.99,202.04,201.954,202.03,41086
2025-06-27 12:32:00,202.03,202.13,202.01,202.035,66925
2025-06-27 12:33:00,202.035,202.05,201.98,202.015,44774
2025-06-27 12:34:00,202.02,202.02,201.94,201.949,48091
2025-06-27 12:35:00,201.958,201.958,201.862,201.92,38306
2025-06-27 12:36:00,201.925,201.947,201.84,201.901,30249
2025-06-27 12:37:00,201.89,201.94,201.865,201.93,23453
2025-06-27 12:38:00,201.92,201.921,201.78,201.795,49219
2025-06-27 12:39:00,201.79,201.899,201.775,201.872,43196
2025-06-27 12:40:00,201.88,201.9,201.811,201.84,26110
2025-06-27 12:41:00,201.84,201.85,201.77,201.79,31026
2025-06-27 12:42:00,201.795,201.82,201.73,201.745,34996
2025-06-27 12:43:00,201.75,201.83,201.745,201.8,24664
2025-06-27 12:44:00,201.8,201.905,201.765,201.89,33723
2025-06-27 12:45:00,201.88,201.96,201.83,201.939,56772
2025-06-27 12:46:00,201.93,201.95,201.88,201.9,31549
2025-06-27 12:47:00,201.9,202.0,201.885,201.941,59123
2025-06-27 12:48:00,201.94,201.98,201.92,201.955,29096
2025-06-27 12:49:00,201.955,201.97,201.912,201.96,30588
2025-06-27 12:50:00,201.955,201.97,201.925,201.96,27112
2025-06-27 12:51:00,201.965,202.105,201.96,202.04,86052
2025-06-27 12:52:00,202.045,202.099,202.019,202.099,45897
2025-06-27 12:53:00,202.095,202.207,202.05,202.2,46507
2025-06-27 12:54:00,202.205,202.33,202.13,202.17,84655
2025-06-27 12:55:00,202.15,202.19,202.11,202.19,62321
2025-06-27 12:56:00,202.185,202.25,202.17,202.235,58611
2025-06-27 12:57:00,202.245,202.465,202.235,202.46,102610
2025-06-27 12:58:00,202.46,202.498,202.38,202.49,74917
2025-06-27 12:59:00,202.5,202.63,202.45,202.6,165880
2025-06-27 13:00:00,202.58,202.635,202.46,202.59,105446
2025-06-27 13:01:00,202.59,202.6,202.46,202.52,54587
2025-06-27 13:02:00,202.51,202.51,202.33,202.33,90669
2025-06-27 13:03:00,202.35,202.4,202.26,202.38,55645
2025-06-27 13:04:00,202.38,202.38,202.26,202.285,32548
2025-06-27 13:05:00,202.3,202.35,202.28,202.338,33373
2025-06-27 13:06:00,202.34,202.38,202.28,202.32,40332
2025-06-27 13:07:00,202.33,202.47,202.31,202.43,61058
2025-06-27 13:08:00,202.443,202.45,202.35,202.37,33853
2025-06-27 13:09:00,202.36,202.39,202.29,202.315,23752
2025-06-27 13:10:00,202.31,202.4,202.3,202.31,50182
2025-06-27 13:11:00,202.32,202.38,202.275,202.34,52509
2025-06-27 13:12:00,202.35,202.5,202.34,202.46,56277
2025-06-27 13:13:00,202.456,202.53,202.441,202.52,40408
2025-06-27 13:14:00,202.52,202.7,202.502,202.67,91418
2025-06-27 13:15:00,202.69,202.69,202.53,202.54,48732
2025-06-27 13:16:00,202.54,202.65,202.505,202.615,55703
2025-06-27 13:17:00,202.62,202.656,202.4,202.424,55631
2025-06-27 13:18:00,202.423,202.43,202.31,202.32,51920
2025-06-27 13:19:00,202.314,202.375,202.3,202.358,55829
2025-06-27 13:20:00,202.365,202.39,202.21,202.315,67878
2025-06-27 13:21:00,202.305,202.38,202.265,202.33,37399
2025-06-27 13:22:00,202.325,202.38,202.235,202.25,82212
2025-06-27 13:23:00,202.24,202.27,202.17,202.177,45189
2025-06-27 13:24:00,202.165,202.18,202.08,202.08,48500
2025-06-27 13:25:00,202.09,202.14,202.03,202.11,40076
2025-06-27 13:26:00,202.114,202.13,202.02,202.11,44281
2025-06-27 13:27:00,202.11,202.18,202.07,202.13,105010
2025-06-27 13:28:00,202.12,202.142,202.09,202.1,45270
2025-06-27 13:29:00,202.09,202.13,202.06,202.08,38176
2025-06-27 13:30:00,202.1,202.12,202.039,202.09,154837
2025-06-27 13:31:00,202.07,202.11,202.03,202.07,49299
2025-06-27 13:32:00,202.08,202.08,201.96,202.005,51408
2025-06-27 13:33:00,202.0,202.03,201.895,201.935,40684
2025-06-27 13:34:00,201.935,201.95,201.72,201.72,63363
2025-06-27 13:35:00,201.73,201.73,201.5,201.53,111315
2025-06-27 13:36:00,201.51,201.54,201.48,201.495,62931
2025-06-27 13:37:00,201.49,201.511,201.43,201.455,54394
2025-06-27 13:38:00,201.455,201.52,201.404,201.51,102543
2025-06-27 13:39:00,201.48,201.5,201.445,201.47,75272
2025-06-27 13:40:00,201.46,201.54,201.445,201.53,99061
2025-06-27 13:41:00,201.535,201.63,201.502,201.58,47820
2025-06-27 13:42:00,201.57,201.62,201.52,201.555,50874
2025-06-27 13:43:00,201.56,201.62,201.42,201.455,60933
2025-06-27 13:44:00,201.445,201.51,201.09,201.305,169835
2025-06-27 13:45:00,201.29,201.295,201.13,201.18,102211
2025-06-27 13:46:00,201.18,201.295,200.93,201.284,111633
2025-06-27 13:47:00,201.265,201.38,201.21,201.31,54442
2025-06-27 13:48:00,201.3,201.332,201.228,201.23,36960
2025-06-27 13:49:00,201.22,201.32,201.215,201.231,46250
2025-06-27 13:50:00,201.22,201.25,201.11,201.24,35533
2025-06-27 13:51:00,201.22,201.32,201.14,201.25,37838
2025-06-27 13:52:00,201.245,201.39,201.245,201.35,46018
2025-06-27 13:53:00,201.37,201.426,201.34,201.38,41286
2025-06-27 13:54:00,201.36,201.43,201.309,201.37,52750
2025-06-27 13:55:00,201.35,201.358,201.24,201.305,40288
2025-06-27 13:56:00,201.319,201.33,201.19,201.3,69586
2025-06-27 13:57:00,201.31,201.485,201.29,201.39,94244
2025-06-27 13:58:00,201.38,201.49,201.38,201.4,45708
2025-06-27 13:59:00,201.405,201.51,201.37,201.374,59537
2025-06-27 14:00:00,201.385,201.39,201.195,201.27,55422
2025-06-27 14:01:00,201.27,201.325,201.24,201.28,44859
2025-06-27 14:02:00,201.295,201.335,201.265,201.33,36133
2025-06-27 14:03:00,201.33,201.421,201.33,201.38,53872
2025-06-27 14:04:00,201.39,201.485,201.34,201.46,48162
2025-06-27 14:05:00,201.455,201.577,201.455,201.56,81934
2025-06-27 14:06:00,201.58,201.63,201.55,201.564,51058
2025-06-27 14:07:00,201.57,201.58,201.5,201.52,67446
2025-06-27 14:08:00,201.51,201.6,201.49,201.579,64860
2025-06-27 14:09:00,201.58,201.6,201.52,201.53,31964
2025-06-27 14:10:00,201.52,201.58,201.52,201.55,24859
2025-06-27 14:11:00,201.55,201.55,201.48,201.51,31429
2025-06-27 14:12:00,201.51,201.525,201.34,201.38,47519
2025-06-27 14:13:00,201.38,201.383,201.25,201.28,56187
2025-06-27 14:14:00,201.275,201.3,201.22,201.245,53139
2025-06-27 14:15:00,201.243,201.44,201.24,201.415,34702
2025-06-27 14:16:00,201.415,201.44,201.37,201.43,30745
2025-06-27 14:17:00,201.42,201.51,201.42,201.485,29452
2025-06-27 14:18:00,201.48,201.48,201.29,201.3,39666
2025-06-27 14:19:00,201.295,201.33,201.13,201.27,76013
2025-06-27 14:20:00,201.28,201.37,201.22,201.33,32110
2025-06-27 14:21:00,201.33,201.53,201.28,201.52,46858
2025-06-27 14:22:00,201.522,201.54,201.415,201.51,49455
2025-06-27 14:23:00,201.504,201.55,201.46,201.46,34916
2025-06-27 14:24:00,201.46,201.62,201.46,201.579,47185
2025-06-27 14:25:00,201.57,201.62,201.55,201.608,52359
2025-06-27 14:26:00,201.63,201.657,201.57,201.575,35901
2025-06-27 14:27:00,201.57,201.6,201.49,201.555,38272
2025-06-27 14:28:00,201.55,201.61,201.425,201.43,53147
2025-06-27 14:29:00,201.44,201.52,201.42,201.44,44525
2025-06-27 14:30:00,201.45,201.52,201.26,201.297,73347
2025-06-27 14:31:00,201.295,201.43,201.25,201.35,81948
2025-06-27 14:32:00,201.359,201.48,201.3,201.45,50681
2025-06-27 14:33:00,201.454,201.48,201.39,201.39,45104
2025-06-27 14:34:00,201.39,201.44,201.37,201.41,50750
2025-06-27 14:35:00,201.41,201.51,201.4,201.47,44365
2025-06-27 14:36:00,201.47,201.49,201.31,201.31,53101
2025-06-27 14:37:00,201.31,201.32,201.195,201.22,59475
2025-06-27 14:38:00,201.21,201.24,201.141,201.18,62109
2025-06-27 14:39:00,201.18,201.25,201.06,201.07,63342
2025-06-27 14:40:00,201.08,201.16,200.94,201.02,123825
2025-06-27 14:41:00,201.02,201.05,200.9,201.04,99475
2025-06-27 14:42:00,201.04,201.1,200.95,201.055,90230
2025-06-27 14:43:00,201.05,201.14,201.03,201.03,63423
2025-06-27 14:44:00,201.02,201.22,201.02,201.19,76208
2025-06-27 14:45:00,201.18,201.27,201.13,201.18,85965
2025-06-27 14:46:00,201.19,201.2,201.125,201.19,57230
2025-06-27 14:47:00,201.18,201.2,201.12,201.175,75601
2025-06-27 14:48:00,201.185,201.2,201.13,201.147,33375
2025-06-27 14:49:00,201.14,201.19,201.1,201.165,51462
2025-06-27 14:50:00,201.17,201.195,201.035,201.08,51317
2025-06-27 14:51:00,201.085,201.19,201.01,201.07,78249
2025-06-27 14:52:00,201.079,201.13,200.935,200.94,41698
2025-06-27 14:53:00,200.935,201.155,200.93,201.12,43040
2025-06-27 14:54:00,201.12,201.13,201.05,201.11,35942
2025-06-27 14:55:00,201.095,201.12,200.86,200.86,64601
2025-06-27 14:56:00,200.875,200.94,200.79,200.865,84364
2025-06-27 14:57:00,200.87,201.01,200.84,200.875,51607
2025-06-27 14:58:00,200.86,200.99,200.805,200.97,44901
2025-06-27 14:59:00,200.975,200.98,200.9,200.905,55061
2025-06-27 15:00:00,200.91,200.97,200.84,200.91,53832
2025-06-27 15:01:00,200.91,200.975,200.87,200.915,40054
2025-06-27 15:02:00,200.91,200.97,200.88,200.922,43235
2025-06-27 15:03:00,200.94,200.96,200.875,200.9,56271
2025-06-27 15:04:00,200.91,201.01,200.865,200.99,62954
2025-06-27 15:05:00,200.99,201.118,200.89,200.94,89335
2025-06-27 15:06:00,200.935,201.09,200.935,201.075,63915
2025-06-27 15:07:00,201.07,201.19,201.05,201.17,58256
2025-06-27 15:08:00,201.17,201.19,201.09,201.13,51846
2025-06-27 15:09:00,201.12,201.19,201.09,201.145,55398
2025-06-27 15:10:00,201.145,201.19,201.115,201.145,48267
2025-06-27 15:11:00,201.145,201.28,201.13,201.27,103543
2025-06-27 15:12:00,201.275,201.425,201.25,201.27,75216
2025-06-27 15:13:00,201.26,201.277,201.13,201.24,70222
2025-06-27 15:14:00,201.23,201.365,201.23,201.35,47393
2025-06-27 15:15:00,201.36,201.44,201.36,201.41,109204
2025-06-27 15:16:00,201.42,201.42,201.31,201.33,64960
2025-06-27 15:17:00,201.34,201.34,201.16,201.22,58276
2025-06-27 15:18:00,201.21,201.225,201.13,201.14,56134
2025-06-27 15:19:00,201.13,201.2,201.11,201.17,41792
2025-06-27 15:20:00,201.19,201.305,201.172,201.27,41638
2025-06-27 15:21:00,201.28,201.305,201.235,201.24,47203
2025-06-27 15:22:00,201.23,201.4,201.23,201.365,49294
2025-06-27 15:23:00,201.375,201.375,201.281,201.34,34465
2025-06-27 15:24:00,201.33,201.37,201.24,201.245,59500
2025-06-27 15:25:00,201.25,201.43,201.205,201.4,121060
2025-06-27 15:26:00,201.405,201.425,201.32,201.37,68059
2025-06-27 15:27:00,201.371,201.42,201.345,201.345,51285
2025-06-27 15:28:00,201.34,201.37,201.155,201.17,68668
2025-06-27 15:29:00,201.175,201.2,201.1,201.125,45278
2025-06-27 15:30:00,201.13,201.18,201.09,201.127,78725
2025-06-27 15:31:00,201.13,201.165,201.07,201.08,66613
2025-06-27 15:32:00,201.085,201.16,201.081,201.155,59805
2025-06-27 15:33:00,201.155,201.19,201.15,201.18,43962
2025-06-27 15:34:00,201.18,201.195,201.115,201.135,42686
2025-06-27 15:35:00,201.13,201.14,201.045,201.085,64857
2025-06-27 15:36:00,201.08,201.1,200.945,200.95,111353
2025-06-27 15:37:00,200.96,201.055,200.95,201.05,53003
2025-06-27 15:38:00,201.052,201.17,201.045,201.155,49790
2025-06-27 15:39:00,201.16,201.25,201.08,201.135,80488
2025-06-27 15:40:00,201.115,201.2,201.115,201.145,70573
2025-06-27 15:41:00,201.15,201.185,201.07,201.07,89597
2025-06-27 15:42:00,201.06,201.175,200.965,201.175,77067
2025-06-27 15:43:00,201.16,201.19,201.13,201.15,54737
2025-06-27 15:44:00,201.153,201.165,200.965,201.03,95702
2025-06-27 15:45:00,201.035,201.105,200.99,201.0,86272
2025-06-27 15:46:00,200.985,201.01,200.91,200.965,84850
2025-06-27 15:47:00,200.965,201.0,200.88,200.955,65317
2025-06-27 15:48:00,200.955,201.065,200.92,201.005,106717
2025-06-27 15:49:00,201.01,201.01,200.92,200.985,71018
2025-06-27 15:50:00,200.98,201.11,200.22,200.67,288821
2025-06-27 15:51:00,200.68,200.83,200.61,200.7,166559
2025-06-27 15:52:00,200.69,200.92,200.685,200.79,163771
2025-06-27 15:53:00,200.79,200.88,200.72,200.84,157017
2025-06-27 15:54:00,200.85,201.24,200.74,201.135,254691
2025-06-27 15:55:00,201.16,201.18,200.91,201.06,211640
2025-06-27 15:56:00,201.06,201.27,200.95,201.04,284997
2025-06-27 15:57:00,201.06,201.19,200.855,200.86,320785
2025-06-27 15:58:00,200.87,201.099,200.855,201.075,337295
2025-06-27 15:59:00,201.075,201.16,200.92,201.08,622874
2025-06-27 16:00:00,201.08,201.175,201.079,201.09,1132541
2025-06-27 16:01:00,201.055,201.1,200.899,201.08,94128
2025-06-27 16:02:00,201.08,201.08,200.92,201.05,67626
2025-06-27 16:03:00,201.0,201.11,201.0,201.08,797801
2025-06-27 16:04:00,201.08,201.11,201.0,201.08,4276046
2025-06-27 16:05:00,201.02,201.08,201.0,201.0,814
2025-06-27 16:06:00,201.05,201.08,201.0,201.002,217798
2025-06-27 16:07:00,201.03,201.06,201.01,201.03,45138
2025-06-27 16:08:00,201.02,201.17,201.0,201.17,44722
2025-06-27 16:09:00,201.16,201.17,201.15,201.17,2193
2025-06-27 16:10:00,201.08,201.24,201.08,201.24,2952
2025-06-27 16:11:00,201.2,201.27,201.084,201.084,564849
2025-06-27 16:12:00,201.09,201.25,201.08,201.25,108440
2025-06-27 16:13:00,201.25,201.25,201.081,201.18,118138
2025-06-27 16:14:00,201.18,201.3,201.09,201.2,70404
2025-06-27 16:15:00,201.09,201.295,201.08,201.28,1026
2025-06-27 16:16:00,201.249,201.25,201.1,201.2,698548
2025-06-27 16:17:00,201.13,201.2,201.09,201.09,668124
2025-06-27 16:18:00,201.09,201.2,201.09,201.1,215565
2025-06-27 16:19:00,201.102,201.2,201.102,201.14,12146
2025-06-27 16:20:00,201.13,201.2,201.13,201.2,148816
2025-06-27 16:21:00,201.2,201.2,201.1,201.1,913
2025-06-27 16:22:00,201.12,201.16,201.1,201.12,602
2025-06-27 16:23:00,201.15,201.16,201.11,201.121,1306
2025-06-27 16:24:00,201.16,201.16,201.11,201.11,1468
2025-06-27 16:25:00,201.17,201.2,201.15,201.2,139
2025-06-27 16:26:00,201.15,201.2,201.11,201.12,635
2025-06-27 16:27:00,201.16,201.2,201.12,201.2,142248
2025-06-27 16:28:00,201.2,201.29,201.08,201.25,2646
2025-06-27 16:29:00,201.3,201.34,201.2,201.28,2762
2025-06-27 16:30:00,201.22,201.248,201.15,201.2,5519
2025-06-27 16:31:00,201.2,201.25,201.123,201.2,1360
2025-06-27 16:32:00,201.2,201.25,201.2,201.2,428
2025-06-27 16:33:00,201.25,201.3,201.214,201.214,656
2025-06-27 16:34:00,201.29,201.35,201.26,201.31,2312
2025-06-27 16:35:00,201.35,201.35,201.3,201.31,2011
2025-06-27 16:36:00,201.31,201.34,201.08,201.3,3540
2025-06-27 16:37:00,201.26,201.35,201.25,201.35,38274
2025-06-27 16:38:00,201.3,201.35,201.3,201.34,771
2025-06-27 16:39:00,201.32,201.34,201.279,201.28,784
2025-06-27 16:40:00,201.25,201.3,201.2,201.2,2127
2025-06-27 16:41:00,201.2,201.28,201.2,201.25,298
2025-06-27 16:42:00,201.3,201.3,201.22,201.22,329
2025-06-27 16:43:00,201.239,201.24,201.15,201.24,315
2025-06-27 16:44:00,201.15,201.24,201.15,201.15,5185
2025-06-27 16:45:00,201.16,201.24,201.15,201.21,1097
2025-06-27 16:46:00,201.21,201.24,201.2,201.21,4666
2025-06-27 16:47:00,201.24,201.24,201.2,201.2,479
2025-06-27 16:48:00,201.24,201.24,201.2,201.24,1235
2025-06-27 16:49:00,201.24,201.24,201.239,201.24,2172
2025-06-27 16:50:00,201.24,201.3,201.23,201.3,291
2025-06-27 16:51:00,201.24,201.3,201.21,201.29,320
2025-06-27 16:52:00,201.29,201.33,201.226,201.23,1653
2025-06-27 16:53:00,201.3,201.3,201.08,201.29,8317
2025-06-27 16:54:00,201.251,201.3,201.23,201.29,2000
2025-06-27 16:55:00,201.3,201.3,201.23,201.26,2367
2025-06-27 16:56:00,201.29,201.3,201.27,201.27,601
2025-06-27 16:57:00,201.29,201.29,201.27,201.29,262
2025-06-27 16:58:00,201.29,201.29,201.23,201.23,440440
2025-06-27 16:59:00,201.24,201.29,201.23,201.29,1472
2025-06-27 17:00:00,201.27,201.28,201.22,201.22,322
2025-06-27 17:01:00,201.27,201.28,201.21,201.22,617
2025-06-27 17:02:00,201.25,201.25,201.249,201.249,7
2025-06-27 17:03:00,201.24,201.25,201.23,201.25,797
2025-06-27 17:04:00,201.23,201.25,201.21,201.249,939
2025-06-27 17:05:00,201.25,201.25,201.211,201.25,689
2025-06-27 17:06:00,201.25,201.25,201.21,201.24,152
2025-06-27 17:07:00,201.25,201.25,201.22,201.22,89
2025-06-27 17:08:00,201.24,201.25,201.21,201.24,166
2025-06-27 17:09:00,201.21,201.24,201.21,201.239,1713
2025-06-27 17:10:00,201.22,201.25,201.21,201.25,338
2025-06-27 17:11:00,201.21,201.25,201.21,201.24,104
2025-06-27 17:12:00,201.23,201.25,201.211,201.24,25365
2025-06-27 17:13:00,201.24,201.25,201.21,201.21,1235
2025-06-27 17:14:00,201.24,201.25,201.21,201.25,683
2025-06-27 17:15:00,201.22,201.3,201.22,201.29,914
2025-06-27 17:16:00,201.21,201.22,201.21,201.22,64
2025-06-27 17:17:00,201.289,201.29,201.22,201.22,33
2025-06-27 17:18:00,201.29,201.29,201.21,201.24,504
2025-06-27 17:19:00,201.21,201.24,201.21,201.22,2819
2025-06-27 17:20:00,201.21,201.22,201.21,201.21,219
2025-06-27 17:21:00,201.22,201.22,201.2,201.2,213
2025-06-27 17:22:00,201.2,201.22,201.2,201.21,106
2025-06-27 17:23:00,201.22,201.22,201.21,201.22,238
2025-06-27 17:24:00,201.22,201.22,201.21,201.22,2847
2025-06-27 17:25:00,201.21,201.31,201.21,201.21,642
2025-06-27 17:26:00,201.29,201.29,201.21,201.29,411
2025-06-27 17:27:00,201.283,201.283,201.27,201.27,102
2025-06-27 17:28:00,201.26,201.27,201.21,201.27,285
2025-06-27 17:29:00,201.22,201.27,201.2,201.27,597
2025-06-27 17:30:00,201.27,201.27,201.22,201.27,20
2025-06-27 17:31:00,201.26,201.26,201.15,201.26,571
2025-06-27 17:32:00,201.18,201.26,201.18,201.2,130
2025-06-27 17:33:00,201.25,201.26,201.2,201.24,24
2025-06-27 17:34:00,201.18,201.26,201.18,201.26,186
2025-06-27 17:35:00,201.202,201.29,201.201,201.25,1126
2025-06-27 17:36:00,201.25,201.26,201.18,201.22,111
2025-06-27 17:37:00,201.25,201.25,201.18,201.22,894
2025-06-27 17:38:00,201.25,201.25,201.179,201.18,20
2025-06-27 17:39:00,201.18,201.18,201.15,201.17,1031
2025-06-27 17:40:00,201.17,201.18,201.15,201.18,528
2025-06-27 17:41:00,201.18,201.18,201.15,201.18,30
2025-06-27 17:42:00,201.15,201.18,201.14,201.18,539
2025-06-27 17:43:00,201.13,201.18,201.1,201.15,207
2025-06-27 17:44:00,201.15,201.18,201.1,201.18,138
2025-06-27 17:45:00,201.13,201.13,201.13,201.13,1
2025-06-27 17:46:00,201.1,201.18,201.1,201.1,79
2025-06-27 17:47:00,201.18,201.18,201.1,201.11,204
2025-06-27 17:48:00,201.18,201.18,201.11,201.11,459
2025-06-27 17:49:00,201.12,201.18,201.12,201.15,238
2025-06-27 17:50:00,201.15,201.15,201.1,201.1,27
2025-06-27 17:51:00,201.15,201.18,201.1,201.18,316
2025-06-27 17:52:00,201.1,201.17,201.1,201.15,64
2025-06-27 17:53:00,201.11,201.12,201.1,201.12,9201
2025-06-27 17:54:00,201.1,201.18,201.1,201.1,322
2025-06-27 17:55:00,201.16,201.25,201.101,201.101,177
2025-06-27 17:56:00,201.17,201.2,201.101,201.14,780
2025-06-27 17:57:00,201.15,201.15,201.13,201.15,2054
2025-06-27 17:58:00,201.14,201.15,201.11,201.15,33
2025-06-27 17:59:00,201.14,201.14,201.14,201.14,104
2025-06-27 18:00:00,201.15,201.2,201.14,201.2,646
2025-06-27 18:01:00,201.25,201.25,201.2,201.2,73
2025-06-27 18:02:00,201.17,201.18,201.17,201.17,41
2025-06-27 18:03:00,201.2,201.2,201.15,201.15,39
2025-06-27 18:04:00,201.17,201.2,201.17,201.2,72
2025-06-27 18:05:00,201.19,201.2,201.19,201.2,56
2025-06-27 18:06:00,201.15,201.18,201.15,201.18,30
2025-06-27 18:07:00,201.15,201.21,201.15,201.2,54
2025-06-27 18:08:00,201.15,201.2,201.15,201.15,24
2025-06-27 18:09:00,201.19,201.19,201.15,201.15,127
2025-06-27 18:10:00,201.2,201.25,201.16,201.2,166
2025-06-27 18:11:00,201.2,201.25,201.2,201.25,1639
2025-06-27 18:12:00,201.17,201.24,201.17,201.2,111
2025-06-27 18:13:00,201.17,201.2,201.17,201.2,67
2025-06-27 18:14:00,201.2,201.2,201.2,201.2,47
2025-06-27 18:15:00,201.199,201.2,201.199,201.2,21
2025-06-27 18:16:00,201.199,201.2,201.16,201.2,1197
2025-06-27 18:17:00,201.2,201.2,201.18,201.19,20
2025-06-27 18:18:00,201.18,201.2,201.18,201.2,93
2025-06-27 18:19:00,201.2,201.2,201.18,201.2,53
2025-06-27 18:20:00,201.2,201.2,201.18,201.2,160
2025-06-27 18:21:00,201.199,201.2,201.17,201.2,152
2025-06-27 18:22:00,201.19,201.2,201.16,201.2,145
2025-06-27 18:23:00,201.2,201.2,201.2,201.2,442
2025-06-27 18:24:00,201.18,201.2,201.16,201.19,190
2025-06-27 18:25:00,201.2,201.2,201.19,201.2,20
2025-06-27 18:26:00,201.19,201.2,201.19,201.2,341
2025-06-27 18:27:00,201.16,201.19,201.16,201.19,521
2025-06-27 18:28:00,201.16,201.199,201.16,201.16,794
2025-06-27 18:29:00,201.16,201.2,201.16,201.2,111
2025-06-27 18:30:00,201.19,201.2,201.16,201.2,181
2025-06-27 18:31:00,201.16,201.2,201.16,201.199,112
2025-06-27 18:32:00,201.2,201.2,201.15,201.16,360
2025-06-27 18:33:00,201.188,201.2,201.188,201.2,87
2025-06-27 18:34:00,201.2,201.2,201.15,201.2,308
2025-06-27 18:35:00,201.19,201.19,201.15,201.16,1604
2025-06-27 18:36:00,201.15,201.19,201.15,201.16,325
2025-06-27 18:37:00,201.18,201.18,201.15,201.18,71
2025-06-27 18:38:00,201.18,201.18,201.15,201.15,198
2025-06-27 18:39:00,201.16,201.18,201.15,201.16,292
2025-06-27 18:40:00,201.16,201.17,201.15,201.16,257
2025-06-27 18:41:00,201.16,201.17,201.15,201.17,8921
2025-06-27 18:42:00,201.17,201.17,201.15,201.151,136
2025-06-27 18:43:00,201.15,201.16,201.15,201.15,86
2025-06-27 18:44:00,201.17,201.17,201.15,201.16,57
2025-06-27 18:45:00,201.17,201.17,201.15,201.17,629
2025-06-27 18:46:00,201.17,201.17,201.15,201.15,358
2025-06-27 18:47:00,201.15,201.16,201.15,201.16,27
2025-06-27 18:48:00,201.15,201.17,201.15,201.17,232
2025-06-27 18:49:00,201.17,201.17,201.16,201.16,304
2025-06-27 18:50:00,201.16,201.17,201.15,201.17,55
2025-06-27 18:51:00,201.17,201.17,201.15,201.15,618
2025-06-27 18:52:00,201.169,201.17,201.15,201.15,832
2025-06-27 18:53:00,201.17,201.17,201.15,201.16,1591
2025-06-27 18:54:00,201.15,201.17,201.15,201.15,447
2025-06-27 18:55:00,201.17,201.17,201.15,201.17,1420
2025-06-27 18:56:00,201.17,201.2,201.17,201.2,216
2025-06-27 18:57:00,201.2,201.2,201.15,201.154,2087
2025-06-27 18:58:00,201.15,201.2,201.15,201.17,878
2025-06-27 18:59:00,201.18,201.23,201.16,201.2,367
2025-06-27 19:00:00,201.15,201.23,201.15,201.18,153
2025-06-27 19:01:00,201.16,201.2,201.15,201.2,121
2025-06-27 19:02:00,201.199,201.2,201.18,201.18,76
2025-06-27 19:03:00,201.2,201.2,201.18,201.199,14
2025-06-27 19:04:00,201.16,201.18,201.16,201.18,66
2025-06-27 19:05:00,201.18,201.18,201.16,201.18,2127
2025-06-27 19:06:00,201.18,201.18,201.18,201.18,102
2025-06-27 19:07:00,201.16,201.179,201.16,201.17,22
2025-06-27 19:08:00,201.17,201.18,201.16,201.179,183
2025-06-27 19:09:00,201.17,201.19,201.17,201.19,107
2025-06-27 19:10:00,201.17,201.18,201.15,201.18,1122
2025-06-27 19:11:00,201.15,201.18,201.15,201.15,1649
2025-06-27 19:12:00,201.16,201.18,201.15,201.18,261
2025-06-27 19:13:00,201.18,201.18,201.179,201.179,188
2025-06-27 19:14:00,201.18,201.18,201.18,201.18,12
2025-06-27 19:15:00,201.173,201.18,201.17,201.17,561
2025-06-27 19:16:00,201.17,201.17,201.15,201.169,121
2025-06-27 19:17:00,201.17,201.18,201.15,201.179,409
2025-06-27 19:18:00,201.15,201.19,201.15,201.19,431
2025-06-27 19:19:00,201.18,201.23,201.16,201.16,81
2025-06-27 19:20:00,201.2,201.23,201.2,201.21,192
2025-06-27 19:21:00,201.21,201.23,201.15,201.189,361
2025-06-27 19:22:00,201.189,201.2,201.16,201.2,131
2025-06-27 19:23:00,201.23,201.23,201.16,201.17,394
2025-06-27 19:24:00,201.17,201.2,201.16,201.16,330
2025-06-27 19:25:00,201.15,201.2,201.15,201.15,71
2025-06-27 19:26:00,201.16,201.2,201.16,201.17,36
2025-06-27 19:27:00,201.19,201.2,201.15,201.15,473
2025-06-27 19:28:00,201.17,201.18,201.17,201.18,105
2025-06-27 19:29:00,201.17,201.18,201.15,201.18,216
2025-06-27 19:30:00,201.17,201.18,201.15,201.17,94
2025-06-27 19:31:00,201.15,201.18,201.15,201.16,7
2025-06-27 19:32:00,201.16,201.16,201.15,201.16,455
2025-06-27 19:33:00,201.16,201.16,201.149,201.15,879
2025-06-27 19:34:00,201.16,201.16,201.15,201.16,150
2025-06-27 19:35:00,201.15,201.18,201.15,201.15,341
2025-06-27 19:36:00,201.16,201.2,201.16,201.18,972
2025-06-27 19:37:00,201.2,201.2,201.2,201.2,150
2025-06-27 19:38:00,201.18,201.2,201.18,201.18,467
2025-06-27 19:39:00,201.2,201.2,201.18,201.2,272
2025-06-27 19:40:00,201.19,201.19,201.18,201.18,267
2025-06-27 19:41:00,201.19,201.2,201.18,201.2,35
2025-06-27 19:42:00,201.18,201.2,201.18,201.18,73
2025-06-27 19:43:00,201.19,201.2,201.18,201.19,215
2025-06-27 19:44:00,201.2,201.2,201.181,201.2,395
2025-06-27 19:45:00,201.2,201.2,201.18,201.18,131
2025-06-27 19:46:00,201.19,201.2,201.18,201.19,391
2025-06-27 19:47:00,201.19,201.2,201.18,201.2,500
2025-06-27 19:48:00,201.2,201.21,201.18,201.18,2176
2025-06-27 19:49:00,201.2,201.2,201.19,201.19,91
2025-06-27 19:50:00,201.19,201.22,201.15,201.22,671
2025-06-27 19:51:00,201.19,201.22,201.18,201.2,31
2025-06-27 19:52:00,201.216,201.22,201.152,201.22,99
2025-06-27 19:53:00,201.18,201.22,201.15,201.18,227
2025-06-27 19:54:00,201.17,201.19,201.15,201.19,1155
2025-06-27 19:55:00,201.19,201.19,201.15,201.18,119
2025-06-27 19:56:00,201.19,201.19,201.15,201.16,555
2025-06-27 19:57:00,201.15,201.19,201.15,201.16,1211
2025-06-27 19:58:00,201.19,201.19,201.18,201.18,669
2025-06-27 19:59:00,201.2,201.2,201.15,201.189,753
